<?xml version="1.0" encoding="UTF-8"?>
<gpx creator="StravaGPX Android" version="1.1" xmlns="http://www.topografix.com/GPX/1/1" xmlns:xsi="http://www.w3.org/2001/XMLSchema-instance" xsi:schemaLocation="http://www.topografix.com/GPX/1/1 http://www.topografix.com/GPX/1/1/gpx.xsd http://www.garmin.com/xmlschemas/GpxExtensions/v3 http://www.garmin.com/xmlschemas/GpxExtensionsv3.xsd http://www.garmin.com/xmlschemas/TrackPointExtension/v1 http://www.garmin.com/xmlschemas/TrackPointExtensionv1.xsd http://www.garmin.com/xmlschemas/GpxExtensions/v3 http://www.garmin.com/xmlschemas/GpxExtensionsv3.xsd http://www.garmin.com/xmlschemas/TrackPointExtension/v1 http://www.garmin.com/xmlschemas/TrackPointExtensionv1.xsd http://www.garmin.com/xmlschemas/GpxExtensions/v3 http://www.garmin.com/xmlschemas/GpxExtensionsv3.xsd http://www.garmin.com/xmlschemas/TrackPointExtension/v1 http://www.garmin.com/xmlschemas/TrackPointExtensionv1.xsd http://www.garmin.com/xmlschemas/GpxExtensions/v3 http://www.garmin.com/xmlschemas/GpxExtensionsv3.xsd http://www.garmin.com/xmlschemas/TrackPointExtension/v1 http://www.garmin.com/xmlschemas/TrackPointExtensionv1.xsd http://www.garmin.com/xmlschemas/GpxExtensions/v3 http://www.garmin.com/xmlschemas/GpxExtensionsv3.xsd http://www.garmin.com/xmlschemas/TrackPointExtension/v1 http://www.garmin.com/xmlschemas/TrackPointExtensionv1.xsd http://www.garmin.com/xmlschemas/GpxExtensions/v3 http://www.garmin.com/xmlschemas/GpxExtensionsv3.xsd http://www.garmin.com/xmlschemas/TrackPointExtension/v1 http://www.garmin.com/xmlschemas/TrackPointExtensionv1.xsd http://www.garmin.com/xmlschemas/GpxExtensions/v3 http://www.garmin.com/xmlschemas/GpxExtensionsv3.xsd http://www.garmin.com/xmlschemas/TrackPointExtension/v1 http://www.garmin.com/xmlschemas/TrackPointExtensionv1.xsd http://www.garmin.com/xmlschemas/GpxExtensions/v3 http://www.garmin.com/xmlschemas/GpxExtensionsv3.xsd http://www.garmin.com/xmlschemas/TrackPointExtension/v1 http://www.garmin.com/xmlschemas/TrackPointExtensionv1.xsd http://www.garmin.com/xmlschemas/GpxExtensions/v3 http://www.garmin.com/xmlschemas/GpxExtensionsv3.xsd http://www.garmin.com/xmlschemas/TrackPointExtension/v1 http://www.garmin.com/xmlschemas/TrackPointExtensionv1.xsd http://www.garmin.com/xmlschemas/GpxExtensions/v3 http://www.garmin.com/xmlschemas/GpxExtensionsv3.xsd http://www.garmin.com/xmlschemas/TrackPointExtension/v1 http://www.garmin.com/xmlschemas/TrackPointExtensionv1.xsd http://www.garmin.com/xmlschemas/GpxExtensions/v3 http://www.garmin.com/xmlschemas/GpxExtensionsv3.xsd http://www.garmin.com/xmlschemas/TrackPointExtension/v1 http://www.garmin.com/xmlschemas/TrackPointExtensionv1.xsd http://www.garmin.com/xmlschemas/GpxExtensions/v3 http://www.garmin.com/xmlschemas/GpxExtensionsv3.xsd http://www.garmin.com/xmlschemas/TrackPointExtension/v1 http://www.garmin.com/xmlschemas/TrackPointExtensionv1.xsd http://www.garmin.com/xmlschemas/GpxExtensions/v3 http://www.garmin.com/xmlschemas/GpxExtensionsv3.xsd http://www.garmin.com/xmlschemas/TrackPointExtension/v1 http://www.garmin.com/xmlschemas/TrackPointExtensionv1.xsd http://www.garmin.com/xmlschemas/GpxExtensions/v3 http://www.garmin.com/xmlschemas/GpxExtensionsv3.xsd http://www.garmin.com/xmlschemas/TrackPointExtension/v1 http://www.garmin.com/xmlschemas/TrackPointExtensionv1.xsd http://www.garmin.com/xmlschemas/GpxExtensions/v3 http://www.garmin.com/xmlschemas/GpxExtensionsv3.xsd http://www.garmin.com/xmlschemas/TrackPointExtension/v1 http://www.garmin.com/xmlschemas/TrackPointExtensionv1.xsd http://www.garmin.com/xmlschemas/GpxExtensions/v3 http://www.garmin.com/xmlschemas/GpxExtensionsv3.xsd http://www.garmin.com/xmlschemas/TrackPointExtension/v1 http://www.garmin.com/xmlschemas/TrackPointExtensionv1.xsd http://www.garmin.com/xmlschemas/GpxExtensions/v3 http://www.garmin.com/xmlschemas/GpxExtensionsv3.xsd http://www.garmin.com/xmlschemas/TrackPointExtension/v1 http://www.garmin.com/xmlschemas/TrackPointExtensionv1.xsd http://www.garmin.com/xmlschemas/GpxExtensions/v3 http://www.garmin.com/xmlschemas/GpxExtensionsv3.xsd http://www.garmin.com/xmlschemas/TrackPointExtension/v1 http://www.garmin.com/xmlschemas/TrackPointExtensionv1.xsd http://www.garmin.com/xmlschemas/GpxExtensions/v3 http://www.garmin.com/xmlschemas/GpxExtensionsv3.xsd http://www.garmin.com/xmlschemas/TrackPointExtension/v1 http://www.garmin.com/xmlschemas/TrackPointExtensionv1.xsd">
	<metadata>
		<name>Tabakowy - realny</name>
		<desc>Export from GpsPrune</desc>
	</metadata>
	<trk>
		<name>Tabakowy - realny</name>
		<number>1</number>
		<trkseg>
   <trkpt lat="49.6325410" lon="19.5032030">
    <ele>817</ele>
    
   </trkpt>
   <trkpt lat="49.6325560" lon="19.5031540">
    <ele>817</ele>
    
   </trkpt>
   <trkpt lat="49.6325610" lon="19.5030780">
    <ele>818</ele>
    
   </trkpt>
   <trkpt lat="49.6325750" lon="19.5030110">
    <ele>818</ele>
    
   </trkpt>
   <trkpt lat="49.6325910" lon="19.5029780">
    <ele>819</ele>
    
   </trkpt>
   <trkpt lat="49.6326030" lon="19.5029260">
    <ele>819</ele>
    
   </trkpt>
   <trkpt lat="49.6326180" lon="19.5028880">
    <ele>819</ele>
    
   </trkpt>
   <trkpt lat="49.6325970" lon="19.5027140">
    <ele>821</ele>
    
   </trkpt>
   <trkpt lat="49.6326090" lon="19.5026500">
    <ele>822</ele>
    
   </trkpt>
   <trkpt lat="49.6326180" lon="19.5026050">
    <ele>822</ele>
    
   </trkpt>
   <trkpt lat="49.6326200" lon="19.5025430">
    <ele>822</ele>
    
   </trkpt>
   <trkpt lat="49.6326280" lon="19.5024680">
    <ele>823</ele>
    
   </trkpt>
   <trkpt lat="49.6326450" lon="19.5024220">
    <ele>824</ele>
    
   </trkpt>
   <trkpt lat="49.6326630" lon="19.5023560">
    <ele>824</ele>
    
   </trkpt>
   <trkpt lat="49.6326850" lon="19.5022950">
    <ele>825</ele>
    
   </trkpt>
   <trkpt lat="49.6326790" lon="19.5022470">
    <ele>826</ele>
    
   </trkpt>
   <trkpt lat="49.6326820" lon="19.5021650">
    <ele>827</ele>
    
   </trkpt>
   <trkpt lat="49.6327320" lon="19.5020100">
    <ele>828</ele>
    
   </trkpt>
   <trkpt lat="49.6327810" lon="19.5019290">
    <ele>829</ele>
    
   </trkpt>
   <trkpt lat="49.6328230" lon="19.5018180">
    <ele>829</ele>
    
   </trkpt>
   <trkpt lat="49.6328390" lon="19.5017800">
    <ele>830</ele>
    
   </trkpt>
   <trkpt lat="49.6328460" lon="19.5017270">
    <ele>830</ele>
    
   </trkpt>
   <trkpt lat="49.6328900" lon="19.5015570">
    <ele>831</ele>
    
   </trkpt>
   <trkpt lat="49.6329470" lon="19.5011630">
    <ele>835</ele>
    
   </trkpt>
   <trkpt lat="49.6329520" lon="19.5011190">
    <ele>836</ele>
    
   </trkpt>
   <trkpt lat="49.6329790" lon="19.5010540">
    <ele>836</ele>
    
   </trkpt>
   <trkpt lat="49.6330030" lon="19.5009890">
    <ele>836</ele>
    
   </trkpt>
   <trkpt lat="49.6330200" lon="19.5009450">
    <ele>836</ele>
    
   </trkpt>
   <trkpt lat="49.6330390" lon="19.5008860">
    <ele>836</ele>
    
   </trkpt>
   <trkpt lat="49.6330420" lon="19.5008200">
    <ele>837</ele>
    
   </trkpt>
   <trkpt lat="49.6330640" lon="19.5002010">
    <ele>840</ele>
    
   </trkpt>
   <trkpt lat="49.6330670" lon="19.5001580">
    <ele>840</ele>
    
   </trkpt>
   <trkpt lat="49.6330530" lon="19.5001220">
    <ele>841</ele>
    
   </trkpt>
   <trkpt lat="49.6330390" lon="19.4999650">
    <ele>842</ele>
    
   </trkpt>
   <trkpt lat="49.6330300" lon="19.4999170">
    <ele>843</ele>
    
   </trkpt>
   <trkpt lat="49.6330280" lon="19.4998690">
    <ele>843</ele>
    
   </trkpt>
   <trkpt lat="49.6330190" lon="19.4998020">
    <ele>843</ele>
    
   </trkpt>
   <trkpt lat="49.6329970" lon="19.4997390">
    <ele>844</ele>
    
   </trkpt>
   <trkpt lat="49.6329890" lon="19.4996900">
    <ele>844</ele>
    
   </trkpt>
   <trkpt lat="49.6329330" lon="19.4995300">
    <ele>846</ele>
    
   </trkpt>
   <trkpt lat="49.6329120" lon="19.4994670">
    <ele>846</ele>
    
   </trkpt>
   <trkpt lat="49.6328930" lon="19.4994230">
    <ele>847</ele>
    
   </trkpt>
   <trkpt lat="49.6328680" lon="19.4993790">
    <ele>848</ele>
    
   </trkpt>
   <trkpt lat="49.6328480" lon="19.4993270">
    <ele>849</ele>
    
   </trkpt>
   <trkpt lat="49.63281794889146" lon="19.49924154232788">
    <ele>850</ele>
    
   </trkpt>
   <trkpt lat="49.6327870" lon="19.4992160">
    <ele>851</ele>
    
   </trkpt>
   <trkpt lat="49.63279157665834" lon="19.49926772883606">
    <ele>850</ele>
    
   </trkpt>
   <trkpt lat="49.6327994672108" lon="19.499339">
    <ele>850</ele>
    
   </trkpt>
   <trkpt lat="49.63282025555636" lon="19.49943609325409">
    <ele>849</ele>
    
   </trkpt>
   <trkpt lat="49.63282699278619" lon="19.499498775463103">
    <ele>849</ele>
    
   </trkpt>
   <trkpt lat="49.63285357667137" lon="19.499554139881134">
    <ele>848</ele>
    
   </trkpt>
   <trkpt lat="49.6328640" lon="19.4995830">
    <ele>848</ele>
    
   </trkpt>
   <trkpt lat="49.6328730" lon="19.4996270">
    <ele>848</ele>
    
   </trkpt>
   <trkpt lat="49.6328720" lon="19.4996870">
    <ele>848</ele>
    
   </trkpt>
   <trkpt lat="49.6328610" lon="19.4997540">
    <ele>848</ele>
    
   </trkpt>
   <trkpt lat="49.6328200" lon="19.4998140">
    <ele>849</ele>
    
   </trkpt>
   <trkpt lat="49.6327960" lon="19.4998490">
    <ele>850</ele>
    
   </trkpt>
   <trkpt lat="49.6327310" lon="19.5000160">
    <ele>851</ele>
    
   </trkpt>
   <trkpt lat="49.6327130" lon="19.5001130">
    <ele>851</ele>
    
   </trkpt>
   <trkpt lat="49.6326900" lon="19.5002440">
    <ele>851</ele>
    
   </trkpt>
   <trkpt lat="49.6326710" lon="19.5003000">
    <ele>851</ele>
    
   </trkpt>
   <trkpt lat="49.6326260" lon="19.5002790">
    <ele>852</ele>
    
   </trkpt>
   <trkpt lat="49.6326350" lon="19.5002060">
    <ele>853</ele>
    
   </trkpt>
   <trkpt lat="49.6326550" lon="19.5001670">
    <ele>852</ele>
    
   </trkpt>
   <trkpt lat="49.6326580" lon="19.5001190">
    <ele>853</ele>
    
   </trkpt>
   <trkpt lat="49.6326700" lon="19.5000770">
    <ele>853</ele>
    
   </trkpt>
   <trkpt lat="49.6326650" lon="19.5000180">
    <ele>853</ele>
    
   </trkpt>
   <trkpt lat="49.6326630" lon="19.4999360">
    <ele>854</ele>
    
   </trkpt>
   <trkpt lat="49.6326750" lon="19.4998850">
    <ele>853</ele>
    
   </trkpt>
   <trkpt lat="49.6326810" lon="19.4998320">
    <ele>853</ele>
    
   </trkpt>
   <trkpt lat="49.6326750" lon="19.4997840">
    <ele>853</ele>
    
   </trkpt>
   <trkpt lat="49.6326660" lon="19.4997370">
    <ele>854</ele>
    
   </trkpt>
   <trkpt lat="49.6326610" lon="19.4996940">
    <ele>854</ele>
    
   </trkpt>
   <trkpt lat="49.6326480" lon="19.4996350">
    <ele>854</ele>
    
   </trkpt>
   <trkpt lat="49.6326230" lon="19.4995740">
    <ele>855</ele>
    
   </trkpt>
   <trkpt lat="49.6326170" lon="19.4995320">
    <ele>855</ele>
    
   </trkpt>
   <trkpt lat="49.6326080" lon="19.4994670">
    <ele>856</ele>
    
   </trkpt>
   <trkpt lat="49.6326250" lon="19.4994210">
    <ele>855</ele>
    
   </trkpt>
   <trkpt lat="49.6326290" lon="19.4993750">
    <ele>855</ele>
    
   </trkpt>
   <trkpt lat="49.6326150" lon="19.4993380">
    <ele>856</ele>
    
   </trkpt>
   <trkpt lat="49.6325850" lon="19.4992880">
    <ele>857</ele>
    
   </trkpt>
   <trkpt lat="49.6325460" lon="19.4992610">
    <ele>858</ele>
    
   </trkpt>
   <trkpt lat="49.6325000" lon="19.4992310">
    <ele>859</ele>
    
   </trkpt>
   <trkpt lat="49.6324660" lon="19.4992070">
    <ele>860</ele>
    
   </trkpt>
   <trkpt lat="49.6324460" lon="19.4991440">
    <ele>860</ele>
    
   </trkpt>
   <trkpt lat="49.6324300" lon="19.4990920">
    <ele>859</ele>
    
   </trkpt>
   <trkpt lat="49.6324010" lon="19.4990430">
    <ele>859</ele>
    
   </trkpt>
   <trkpt lat="49.6323980" lon="19.4990000">
    <ele>858</ele>
    
   </trkpt>
   <trkpt lat="49.6324020" lon="19.4988900">
    <ele>857</ele>
    
   </trkpt>
   <trkpt lat="49.6323940" lon="19.4988210">
    <ele>857</ele>
    
   </trkpt>
   <trkpt lat="49.6323860" lon="19.4987710">
    <ele>856</ele>
    
   </trkpt>
   <trkpt lat="49.6323760" lon="19.4987250">
    <ele>856</ele>
    
   </trkpt>
   <trkpt lat="49.6323580" lon="19.4986850">
    <ele>856</ele>
    
   </trkpt>
   <trkpt lat="49.6323310" lon="19.4986540">
    <ele>856</ele>
    
   </trkpt>
   <trkpt lat="49.6323060" lon="19.4986050">
    <ele>856</ele>
    
   </trkpt>
   <trkpt lat="49.6322790" lon="19.4985710">
    <ele>856</ele>
    
   </trkpt>
   <trkpt lat="49.6322400" lon="19.4985730">
    <ele>857</ele>
    
   </trkpt>
   <trkpt lat="49.6322060" lon="19.4985950">
    <ele>857</ele>
    
   </trkpt>
   <trkpt lat="49.6321670" lon="19.4986260">
    <ele>858</ele>
    
   </trkpt>
   <trkpt lat="49.6321340" lon="19.4986490">
    <ele>859</ele>
    
   </trkpt>
   <trkpt lat="49.6320950" lon="19.4986710">
    <ele>859</ele>
    
   </trkpt>
   <trkpt lat="49.6320650" lon="19.4986840">
    <ele>860</ele>
    
   </trkpt>
   <trkpt lat="49.6320100" lon="19.4987050">
    <ele>860</ele>
    
   </trkpt>
   <trkpt lat="49.6319710" lon="19.4986990">
    <ele>861</ele>
    
   </trkpt>
   <trkpt lat="49.6319340" lon="19.4986900">
    <ele>861</ele>
    
   </trkpt>
   <trkpt lat="49.6318860" lon="19.4986730">
    <ele>862</ele>
    
   </trkpt>
   <trkpt lat="49.6318330" lon="19.4986160">
    <ele>863</ele>
    
   </trkpt>
   <trkpt lat="49.6317970" lon="19.4986050">
    <ele>863</ele>
    
   </trkpt>
   <trkpt lat="49.6317630" lon="19.4985620">
    <ele>864</ele>
    
   </trkpt>
   <trkpt lat="49.6317340" lon="19.4985410">
    <ele>864</ele>
    
   </trkpt>
   <trkpt lat="49.6317130" lon="19.4985120">
    <ele>864</ele>
    
   </trkpt>
   <trkpt lat="49.6316910" lon="19.4984660">
    <ele>865</ele>
    
   </trkpt>
   <trkpt lat="49.6316710" lon="19.4984360">
    <ele>865</ele>
    
   </trkpt>
   <trkpt lat="49.6316460" lon="19.4984060">
    <ele>866</ele>
    
   </trkpt>
   <trkpt lat="49.6316250" lon="19.4983580">
    <ele>866</ele>
    
   </trkpt>
   <trkpt lat="49.6316040" lon="19.4983250">
    <ele>867</ele>
    
   </trkpt>
   <trkpt lat="49.6315780" lon="19.4982620">
    <ele>867</ele>
    
   </trkpt>
   <trkpt lat="49.6315640" lon="19.4982240">
    <ele>868</ele>
    
   </trkpt>
   <trkpt lat="49.6315490" lon="19.4981510">
    <ele>868</ele>
    
   </trkpt>
   <trkpt lat="49.6315450" lon="19.4980940">
    <ele>868</ele>
    
   </trkpt>
   <trkpt lat="49.6315410" lon="19.4980510">
    <ele>868</ele>
    
   </trkpt>
   <trkpt lat="49.6315170" lon="19.4980240">
    <ele>869</ele>
    
   </trkpt>
   <trkpt lat="49.6314920" lon="19.4979730">
    <ele>870</ele>
    
   </trkpt>
   <trkpt lat="49.6314650" lon="19.4979240">
    <ele>870</ele>
    
   </trkpt>
   <trkpt lat="49.6314450" lon="19.4978630">
    <ele>871</ele>
    
   </trkpt>
   <trkpt lat="49.6314330" lon="19.4977940">
    <ele>871</ele>
    
   </trkpt>
   <trkpt lat="49.6314310" lon="19.4977490">
    <ele>871</ele>
    
   </trkpt>
   <trkpt lat="49.6314420" lon="19.4977030">
    <ele>871</ele>
    
   </trkpt>
   <trkpt lat="49.6314450" lon="19.4976490">
    <ele>871</ele>
    
   </trkpt>
   <trkpt lat="49.6314370" lon="19.4976020">
    <ele>872</ele>
    
   </trkpt>
   <trkpt lat="49.6314250" lon="19.4975640">
    <ele>872</ele>
    
   </trkpt>
   <trkpt lat="49.6314140" lon="19.4975140">
    <ele>872</ele>
    
   </trkpt>
   <trkpt lat="49.6314050" lon="19.4974640">
    <ele>872</ele>
    
   </trkpt>
   <trkpt lat="49.6313880" lon="19.4974250">
    <ele>873</ele>
    
   </trkpt>
   <trkpt lat="49.6313580" lon="19.4973500">
    <ele>873</ele>
    
   </trkpt>
   <trkpt lat="49.6313510" lon="19.4972990">
    <ele>874</ele>
    
   </trkpt>
   <trkpt lat="49.6313540" lon="19.4972530">
    <ele>874</ele>
    
   </trkpt>
   <trkpt lat="49.6313580" lon="19.4972010">
    <ele>873</ele>
    
   </trkpt>
   <trkpt lat="49.6313420" lon="19.4971420">
    <ele>874</ele>
    
   </trkpt>
   <trkpt lat="49.6313210" lon="19.4971070">
    <ele>874</ele>
    
   </trkpt>
   <trkpt lat="49.6313090" lon="19.4970690">
    <ele>875</ele>
    
   </trkpt>
   <trkpt lat="49.6313040" lon="19.4970120">
    <ele>875</ele>
    
   </trkpt>
   <trkpt lat="49.6313050" lon="19.4969400">
    <ele>875</ele>
    
   </trkpt>
   <trkpt lat="49.6313020" lon="19.4968830">
    <ele>875</ele>
    
   </trkpt>
   <trkpt lat="49.6312830" lon="19.4968260">
    <ele>875</ele>
    
   </trkpt>
   <trkpt lat="49.6312710" lon="19.4967580">
    <ele>875</ele>
    
   </trkpt>
   <trkpt lat="49.6312500" lon="19.4967120">
    <ele>876</ele>
    
   </trkpt>
   <trkpt lat="49.6312200" lon="19.4966550">
    <ele>877</ele>
    
   </trkpt>
   <trkpt lat="49.6311990" lon="19.4966190">
    <ele>877</ele>
    
   </trkpt>
   <trkpt lat="49.6311760" lon="19.4965620">
    <ele>878</ele>
    
   </trkpt>
   <trkpt lat="49.6311480" lon="19.4965150">
    <ele>878</ele>
    
   </trkpt>
   <trkpt lat="49.6311270" lon="19.4964780">
    <ele>879</ele>
    
   </trkpt>
   <trkpt lat="49.6311050" lon="19.4964330">
    <ele>879</ele>
    
   </trkpt>
   <trkpt lat="49.6310910" lon="19.4963710">
    <ele>879</ele>
    
   </trkpt>
   <trkpt lat="49.6310860" lon="19.4963290">
    <ele>879</ele>
    
   </trkpt>
   <trkpt lat="49.6310790" lon="19.4962880">
    <ele>880</ele>
    
   </trkpt>
   <trkpt lat="49.6310500" lon="19.4962260">
    <ele>880</ele>
    
   </trkpt>
   <trkpt lat="49.6310340" lon="19.4961880">
    <ele>880</ele>
    
   </trkpt>
   <trkpt lat="49.6310180" lon="19.4961400">
    <ele>881</ele>
    
   </trkpt>
   <trkpt lat="49.6310070" lon="19.4960950">
    <ele>881</ele>
    
   </trkpt>
   <trkpt lat="49.6310090" lon="19.4960260">
    <ele>881</ele>
    
   </trkpt>
   <trkpt lat="49.6309930" lon="19.4959730">
    <ele>881</ele>
    
   </trkpt>
   <trkpt lat="49.6309700" lon="19.4959270">
    <ele>881</ele>
    
   </trkpt>
   <trkpt lat="49.6309540" lon="19.4958520">
    <ele>882</ele>
    
   </trkpt>
   <trkpt lat="49.6309470" lon="19.4958050">
    <ele>882</ele>
    
   </trkpt>
   <trkpt lat="49.6309370" lon="19.4957610">
    <ele>881</ele>
    
   </trkpt>
   <trkpt lat="49.6309080" lon="19.4957450">
    <ele>882</ele>
    
   </trkpt>
   <trkpt lat="49.6308390" lon="19.4957100">
    <ele>883</ele>
    
   </trkpt>
   <trkpt lat="49.6308240" lon="19.4956680">
    <ele>883</ele>
    
   </trkpt>
   <trkpt lat="49.6308120" lon="19.4956260">
    <ele>883</ele>
    
   </trkpt>
   <trkpt lat="49.6307890" lon="19.4955900">
    <ele>883</ele>
    
   </trkpt>
   <trkpt lat="49.6307770" lon="19.4955450">
    <ele>883</ele>
    
   </trkpt>
   <trkpt lat="49.6307600" lon="19.4955110">
    <ele>884</ele>
    
   </trkpt>
   <trkpt lat="49.6307230" lon="19.4954820">
    <ele>884</ele>
    
   </trkpt>
   <trkpt lat="49.630728635678594" lon="19.495414317790985">
    <ele>883</ele>
    
   </trkpt>
   <trkpt lat="49.6307120" lon="19.4953690">
    <ele>884</ele>
    
   </trkpt>
   <trkpt lat="49.6306870" lon="19.4953880">
    <ele>884</ele>
    
   </trkpt>
   <trkpt lat="49.6306920" lon="19.4954860">
    <ele>885</ele>
    
   </trkpt>
   <trkpt lat="49.6306810" lon="19.4955380">
    <ele>886</ele>
    
   </trkpt>
   <trkpt lat="49.6306850" lon="19.4956210">
    <ele>886</ele>
    
   </trkpt>
   <trkpt lat="49.6306880" lon="19.4956700">
    <ele>887</ele>
    
   </trkpt>
   <trkpt lat="49.6306830" lon="19.4957440">
    <ele>887</ele>
    
   </trkpt>
   <trkpt lat="49.6306850" lon="19.4957940">
    <ele>888</ele>
    
   </trkpt>
   <trkpt lat="49.6306840" lon="19.4958510">
    <ele>888</ele>
    
   </trkpt>
   <trkpt lat="49.6306900" lon="19.4958950">
    <ele>888</ele>
    
   </trkpt>
   <trkpt lat="49.6306710" lon="19.4959430">
    <ele>889</ele>
    
   </trkpt>
   <trkpt lat="49.6306670" lon="19.4959970">
    <ele>889</ele>
    
   </trkpt>
   <trkpt lat="49.6306720" lon="19.4960510">
    <ele>889</ele>
    
   </trkpt>
   <trkpt lat="49.6306700" lon="19.4961080">
    <ele>889</ele>
    
   </trkpt>
   <trkpt lat="49.6306670" lon="19.4961500">
    <ele>889</ele>
    
   </trkpt>
   <trkpt lat="49.6306640" lon="19.4961920">
    <ele>889</ele>
    
   </trkpt>
   <trkpt lat="49.6306500" lon="19.4962610">
    <ele>890</ele>
    
   </trkpt>
   <trkpt lat="49.6306600" lon="19.4963140">
    <ele>890</ele>
    
   </trkpt>
   <trkpt lat="49.6306560" lon="19.4963620">
    <ele>890</ele>
    
   </trkpt>
   <trkpt lat="49.6306590" lon="19.4964320">
    <ele>890</ele>
    
   </trkpt>
   <trkpt lat="49.6306580" lon="19.4964770">
    <ele>891</ele>
    
   </trkpt>
   <trkpt lat="49.6306610" lon="19.4965210">
    <ele>891</ele>
    
   </trkpt>
   <trkpt lat="49.6306490" lon="19.4965690">
    <ele>891</ele>
    
   </trkpt>
   <trkpt lat="49.6306180" lon="19.4966210">
    <ele>892</ele>
    
   </trkpt>
   <trkpt lat="49.6305910" lon="19.4966540">
    <ele>893</ele>
    
   </trkpt>
   <trkpt lat="49.6305670" lon="19.4966770">
    <ele>894</ele>
    
   </trkpt>
   <trkpt lat="49.6305540" lon="19.4967160">
    <ele>894</ele>
    
   </trkpt>
   <trkpt lat="49.6305450" lon="19.4967570">
    <ele>894</ele>
    
   </trkpt>
   <trkpt lat="49.6305150" lon="19.4968300">
    <ele>895</ele>
    
   </trkpt>
   <trkpt lat="49.6304880" lon="19.4968850">
    <ele>895</ele>
    
   </trkpt>
   <trkpt lat="49.6304670" lon="19.4969340">
    <ele>896</ele>
    
   </trkpt>
   <trkpt lat="49.6304560" lon="19.4969800">
    <ele>896</ele>
    
   </trkpt>
   <trkpt lat="49.6304410" lon="19.4970570">
    <ele>896</ele>
    
   </trkpt>
   <trkpt lat="49.6304210" lon="19.4970870">
    <ele>897</ele>
    
   </trkpt>
   <trkpt lat="49.6303980" lon="19.4971150">
    <ele>897</ele>
    
   </trkpt>
   <trkpt lat="49.6303720" lon="19.4971660">
    <ele>898</ele>
    
   </trkpt>
   <trkpt lat="49.6303510" lon="19.4972150">
    <ele>899</ele>
    
   </trkpt>
   <trkpt lat="49.6303440" lon="19.4972590">
    <ele>899</ele>
    
   </trkpt>
   <trkpt lat="49.6303490" lon="19.4973060">
    <ele>899</ele>
    
   </trkpt>
   <trkpt lat="49.6303320" lon="19.4973650">
    <ele>899</ele>
    
   </trkpt>
   <trkpt lat="49.6303150" lon="19.4974060">
    <ele>899</ele>
    
   </trkpt>
   <trkpt lat="49.6302990" lon="19.4974460">
    <ele>900</ele>
    
   </trkpt>
   <trkpt lat="49.6302790" lon="19.4974810">
    <ele>900</ele>
    
   </trkpt>
   <trkpt lat="49.6302700" lon="19.4975380">
    <ele>900</ele>
    
   </trkpt>
   <trkpt lat="49.6302670" lon="19.4975900">
    <ele>900</ele>
    
   </trkpt>
   <trkpt lat="49.6302520" lon="19.4976620">
    <ele>900</ele>
    
   </trkpt>
   <trkpt lat="49.6302440" lon="19.4977110">
    <ele>900</ele>
    
   </trkpt>
   <trkpt lat="49.6302260" lon="19.4977510">
    <ele>900</ele>
    
   </trkpt>
   <trkpt lat="49.630208050736755" lon="19.49772745767212">
    <ele>901</ele>
    
   </trkpt>
   <trkpt lat="49.630193576102556" lon="19.49766436441803">
    <ele>901</ele>
    
   </trkpt>
   <trkpt lat="49.6301640" lon="19.4975880">
    <ele>903</ele>
    
   </trkpt>
   <trkpt lat="49.6301510" lon="19.4975400">
    <ele>903</ele>
    
   </trkpt>
   <trkpt lat="49.6301460" lon="19.4974840">
    <ele>904</ele>
    
   </trkpt>
   <trkpt lat="49.6301330" lon="19.4974310">
    <ele>904</ele>
    
   </trkpt>
   <trkpt lat="49.6301280" lon="19.4973790">
    <ele>904</ele>
    
   </trkpt>
   <trkpt lat="49.6301170" lon="19.4973280">
    <ele>905</ele>
    
   </trkpt>
   <trkpt lat="49.6301020" lon="19.4972630">
    <ele>905</ele>
    
   </trkpt>
   <trkpt lat="49.6300910" lon="19.4971930">
    <ele>905</ele>
    
   </trkpt>
   <trkpt lat="49.6301040" lon="19.4971390">
    <ele>905</ele>
    
   </trkpt>
   <trkpt lat="49.6301010" lon="19.4970670">
    <ele>905</ele>
    
   </trkpt>
   <trkpt lat="49.6300890" lon="19.4970190">
    <ele>906</ele>
    
   </trkpt>
   <trkpt lat="49.6300630" lon="19.4969600">
    <ele>906</ele>
    
   </trkpt>
   <trkpt lat="49.6300360" lon="19.4968910">
    <ele>907</ele>
    
   </trkpt>
   <trkpt lat="49.6300220" lon="19.4968200">
    <ele>908</ele>
    
   </trkpt>
   <trkpt lat="49.6300150" lon="19.4967550">
    <ele>908</ele>
    
   </trkpt>
   <trkpt lat="49.6300010" lon="19.4966950">
    <ele>908</ele>
    
   </trkpt>
   <trkpt lat="49.6299960" lon="19.4966420">
    <ele>908</ele>
    
   </trkpt>
   <trkpt lat="49.6299810" lon="19.4966040">
    <ele>909</ele>
    
   </trkpt>
   <trkpt lat="49.6299630" lon="19.4965630">
    <ele>909</ele>
    
   </trkpt>
   <trkpt lat="49.6299510" lon="19.4965100">
    <ele>909</ele>
    
   </trkpt>
   <trkpt lat="49.6299420" lon="19.4964690">
    <ele>909</ele>
    
   </trkpt>
   <trkpt lat="49.6299270" lon="19.4964110">
    <ele>909</ele>
    
   </trkpt>
   <trkpt lat="49.6299140" lon="19.4963630">
    <ele>910</ele>
    
   </trkpt>
   <trkpt lat="49.6298940" lon="19.4963000">
    <ele>910</ele>
    
   </trkpt>
   <trkpt lat="49.6298640" lon="19.4962200">
    <ele>910</ele>
    
   </trkpt>
   <trkpt lat="49.6298490" lon="19.4961840">
    <ele>911</ele>
    
   </trkpt>
   <trkpt lat="49.6298090" lon="19.4960940">
    <ele>912</ele>
    
   </trkpt>
   <trkpt lat="49.6297870" lon="19.4960470">
    <ele>912</ele>
    
   </trkpt>
   <trkpt lat="49.6297590" lon="19.4959980">
    <ele>913</ele>
    
   </trkpt>
   <trkpt lat="49.6297420" lon="19.4959590">
    <ele>913</ele>
    
   </trkpt>
   <trkpt lat="49.6296740" lon="19.4958150">
    <ele>915</ele>
    
   </trkpt>
   <trkpt lat="49.6296680" lon="19.4957730">
    <ele>915</ele>
    
   </trkpt>
   <trkpt lat="49.6296570" lon="19.4957260">
    <ele>915</ele>
    
   </trkpt>
   <trkpt lat="49.6296440" lon="19.4956600">
    <ele>915</ele>
    
   </trkpt>
   <trkpt lat="49.6296290" lon="19.4955740">
    <ele>915</ele>
    
   </trkpt>
   <trkpt lat="49.6294730" lon="19.4950150">
    <ele>919</ele>
    
   </trkpt>
   <trkpt lat="49.6294520" lon="19.4949650">
    <ele>919</ele>
    
   </trkpt>
   <trkpt lat="49.6294430" lon="19.4949180">
    <ele>919</ele>
    
   </trkpt>
   <trkpt lat="49.6294270" lon="19.4948700">
    <ele>920</ele>
    
   </trkpt>
   <trkpt lat="49.6294220" lon="19.4948180">
    <ele>920</ele>
    
   </trkpt>
   <trkpt lat="49.6294170" lon="19.4947690">
    <ele>920</ele>
    
   </trkpt>
   <trkpt lat="49.6294100" lon="19.4946990">
    <ele>920</ele>
    
   </trkpt>
   <trkpt lat="49.6294240" lon="19.4946540">
    <ele>919</ele>
    
   </trkpt>
   <trkpt lat="49.6294210" lon="19.4946030">
    <ele>919</ele>
    
   </trkpt>
   <trkpt lat="49.6294110" lon="19.4945330">
    <ele>919</ele>
    
   </trkpt>
   <trkpt lat="49.6294050" lon="19.4944910">
    <ele>919</ele>
    
   </trkpt>
   <trkpt lat="49.6293680" lon="19.4943840">
    <ele>920</ele>
    
   </trkpt>
   <trkpt lat="49.6293510" lon="19.4943360">
    <ele>920</ele>
    
   </trkpt>
   <trkpt lat="49.6293460" lon="19.4942870">
    <ele>920</ele>
    
   </trkpt>
   <trkpt lat="49.6293440" lon="19.4942360">
    <ele>920</ele>
    
   </trkpt>
   <trkpt lat="49.6293320" lon="19.4941890">
    <ele>920</ele>
    
   </trkpt>
   <trkpt lat="49.6293100" lon="19.4941530">
    <ele>921</ele>
    
   </trkpt>
   <trkpt lat="49.6293030" lon="19.4941130">
    <ele>921</ele>
    
   </trkpt>
   <trkpt lat="49.6292950" lon="19.4940300">
    <ele>921</ele>
    
   </trkpt>
   <trkpt lat="49.6292890" lon="19.4939700">
    <ele>921</ele>
    
   </trkpt>
   <trkpt lat="49.6292870" lon="19.4939280">
    <ele>920</ele>
    
   </trkpt>
   <trkpt lat="49.6292770" lon="19.4938560">
    <ele>920</ele>
    
   </trkpt>
   <trkpt lat="49.6292650" lon="19.4938130">
    <ele>921</ele>
    
   </trkpt>
   <trkpt lat="49.6292600" lon="19.4937720">
    <ele>920</ele>
    
   </trkpt>
   <trkpt lat="49.6292420" lon="19.4936960">
    <ele>921</ele>
    
   </trkpt>
   <trkpt lat="49.6292470" lon="19.4936320">
    <ele>920</ele>
    
   </trkpt>
   <trkpt lat="49.6292640" lon="19.4935710">
    <ele>919</ele>
    
   </trkpt>
   <trkpt lat="49.6292950" lon="19.4934770">
    <ele>917</ele>
    
   </trkpt>
   <trkpt lat="49.6293070" lon="19.4934220">
    <ele>917</ele>
    
   </trkpt>
   <trkpt lat="49.6293140" lon="19.4933740">
    <ele>916</ele>
    
   </trkpt>
   <trkpt lat="49.6293130" lon="19.4933240">
    <ele>916</ele>
    
   </trkpt>
   <trkpt lat="49.6293090" lon="19.4932700">
    <ele>916</ele>
    
   </trkpt>
   <trkpt lat="49.6293020" lon="19.4932180">
    <ele>916</ele>
    
   </trkpt>
   <trkpt lat="49.6292850" lon="19.4931750">
    <ele>916</ele>
    
   </trkpt>
   <trkpt lat="49.6292700" lon="19.4931390">
    <ele>917</ele>
    
   </trkpt>
   <trkpt lat="49.6292460" lon="19.4930990">
    <ele>917</ele>
    
   </trkpt>
   <trkpt lat="49.6292240" lon="19.4930550">
    <ele>918</ele>
    
   </trkpt>
   <trkpt lat="49.6292030" lon="19.4930120">
    <ele>919</ele>
    
   </trkpt>
   <trkpt lat="49.6291800" lon="19.4929690">
    <ele>919</ele>
    
   </trkpt>
   <trkpt lat="49.6291500" lon="19.4929530">
    <ele>920</ele>
    
   </trkpt>
   <trkpt lat="49.6291020" lon="19.4929240">
    <ele>922</ele>
    
   </trkpt>
   <trkpt lat="49.6290830" lon="19.4928850">
    <ele>922</ele>
    
   </trkpt>
   <trkpt lat="49.6290510" lon="19.4928650">
    <ele>923</ele>
    
   </trkpt>
   <trkpt lat="49.6290240" lon="19.4928510">
    <ele>924</ele>
    
   </trkpt>
   <trkpt lat="49.6289850" lon="19.4928330">
    <ele>926</ele>
    
   </trkpt>
   <trkpt lat="49.6289490" lon="19.4928220">
    <ele>927</ele>
    
   </trkpt>
   <trkpt lat="49.6289130" lon="19.4928140">
    <ele>928</ele>
    
   </trkpt>
   <trkpt lat="49.6288770" lon="19.4928140">
    <ele>929</ele>
    
   </trkpt>
   <trkpt lat="49.6288320" lon="19.4928480">
    <ele>931</ele>
    
   </trkpt>
   <trkpt lat="49.6287980" lon="19.4928780">
    <ele>932</ele>
    
   </trkpt>
   <trkpt lat="49.6287920" lon="19.4929260">
    <ele>933</ele>
    
   </trkpt>
   <trkpt lat="49.6287680" lon="19.4929870">
    <ele>934</ele>
    
   </trkpt>
   <trkpt lat="49.6287470" lon="19.4930410">
    <ele>935</ele>
    
   </trkpt>
   <trkpt lat="49.6287430" lon="19.4930970">
    <ele>935</ele>
    
   </trkpt>
   <trkpt lat="49.6287350" lon="19.4931640">
    <ele>936</ele>
    
   </trkpt>
   <trkpt lat="49.6287290" lon="19.4932330">
    <ele>937</ele>
    
   </trkpt>
   <trkpt lat="49.6287320" lon="19.4933490">
    <ele>937</ele>
    
   </trkpt>
   <trkpt lat="49.6287420" lon="19.4934080">
    <ele>937</ele>
    
   </trkpt>
   <trkpt lat="49.6287450" lon="19.4934720">
    <ele>937</ele>
    
   </trkpt>
   <trkpt lat="49.6287610" lon="19.4935250">
    <ele>937</ele>
    
   </trkpt>
   <trkpt lat="49.6287820" lon="19.4936220">
    <ele>937</ele>
    
   </trkpt>
   <trkpt lat="49.6287960" lon="19.4936870">
    <ele>937</ele>
    
   </trkpt>
   <trkpt lat="49.6288210" lon="19.4937780">
    <ele>936</ele>
    
   </trkpt>
   <trkpt lat="49.6288450" lon="19.4938590">
    <ele>936</ele>
    
   </trkpt>
   <trkpt lat="49.6288670" lon="19.4939460">
    <ele>936</ele>
    
   </trkpt>
   <trkpt lat="49.6288890" lon="19.4939810">
    <ele>935</ele>
    
   </trkpt>
   <trkpt lat="49.6289090" lon="19.4940160">
    <ele>935</ele>
    
   </trkpt>
   <trkpt lat="49.6289300" lon="19.4940550">
    <ele>934</ele>
    
   </trkpt>
   <trkpt lat="49.6289530" lon="19.4940880">
    <ele>933</ele>
    
   </trkpt>
   <trkpt lat="49.6289900" lon="19.4941490">
    <ele>933</ele>
    
   </trkpt>
   <trkpt lat="49.6290340" lon="19.4941970">
    <ele>931</ele>
    
   </trkpt>
   <trkpt lat="49.62904836378827" lon="19.494241046627046">
    <ele>931</ele>
    
   </trkpt>
   <trkpt lat="49.62906425287956" lon="19.494276008598327">
    <ele>931</ele>
    
   </trkpt>
   <trkpt lat="49.6290671925685" lon="19.494308148479462">
    <ele>931</ele>
    
   </trkpt>
   <trkpt lat="49.62907282875793" lon="19.494379606151583">
    <ele>931</ele>
    
   </trkpt>
   <trkpt lat="49.629077252886994" lon="19.49441487731552">
    <ele>931</ele>
    
   </trkpt>
   <trkpt lat="49.62907577817433" lon="19.494441373016357">
    <ele>931</ele>
    
   </trkpt>
   <trkpt lat="49.629075202306616" lon="19.494462233135224">
    <ele>931</ele>
    
   </trkpt>
   <trkpt lat="49.62907615172774" lon="19.494493504299164">
    <ele>931</ele>
    
   </trkpt>
   <trkpt lat="49.62906810114884" lon="19.494540822090148">
    <ele>932</ele>
    
   </trkpt>
   <trkpt lat="49.6290600" lon="19.4945880">
    <ele>932</ele>
    
   </trkpt>
   <trkpt lat="49.6290460" lon="19.4946330">
    <ele>933</ele>
    
   </trkpt>
   <trkpt lat="49.6290300" lon="19.4946960">
    <ele>934</ele>
    
   </trkpt>
   <trkpt lat="49.6290220" lon="19.4947410">
    <ele>934</ele>
    
   </trkpt>
   <trkpt lat="49.6290170" lon="19.4947830">
    <ele>935</ele>
    
   </trkpt>
   <trkpt lat="49.6290080" lon="19.4948370">
    <ele>935</ele>
    
   </trkpt>
   <trkpt lat="49.6290030" lon="19.4948890">
    <ele>936</ele>
    
   </trkpt>
   <trkpt lat="49.6290170" lon="19.4949400">
    <ele>936</ele>
    
   </trkpt>
   <trkpt lat="49.6290210" lon="19.4950200">
    <ele>936</ele>
    
   </trkpt>
   <trkpt lat="49.6290200" lon="19.4950880">
    <ele>936</ele>
    
   </trkpt>
   <trkpt lat="49.6290100" lon="19.4951830">
    <ele>937</ele>
    
   </trkpt>
   <trkpt lat="49.6290060" lon="19.4952390">
    <ele>937</ele>
    
   </trkpt>
   <trkpt lat="49.6290090" lon="19.4952880">
    <ele>937</ele>
    
   </trkpt>
   <trkpt lat="49.6290090" lon="19.4953420">
    <ele>937</ele>
    
   </trkpt>
   <trkpt lat="49.6290040" lon="19.4953980">
    <ele>937</ele>
    
   </trkpt>
   <trkpt lat="49.6289950" lon="19.4954770">
    <ele>938</ele>
    
   </trkpt>
   <trkpt lat="49.6289940" lon="19.4955220">
    <ele>938</ele>
    
   </trkpt>
   <trkpt lat="49.6289890" lon="19.4955760">
    <ele>938</ele>
    
   </trkpt>
   <trkpt lat="49.6290030" lon="19.4956330">
    <ele>938</ele>
    
   </trkpt>
   <trkpt lat="49.6290220" lon="19.4956790">
    <ele>937</ele>
    
   </trkpt>
   <trkpt lat="49.6290400" lon="19.4957610">
    <ele>937</ele>
    
   </trkpt>
   <trkpt lat="49.6290500" lon="19.4958170">
    <ele>937</ele>
    
   </trkpt>
   <trkpt lat="49.6290680" lon="19.4959040">
    <ele>936</ele>
    
   </trkpt>
   <trkpt lat="49.6290720" lon="19.4959560">
    <ele>936</ele>
    
   </trkpt>
   <trkpt lat="49.6290520" lon="19.4959940">
    <ele>937</ele>
    
   </trkpt>
   <trkpt lat="49.6290460" lon="19.4960370">
    <ele>937</ele>
    
   </trkpt>
   <trkpt lat="49.6290430" lon="19.4960780">
    <ele>938</ele>
    
   </trkpt>
   <trkpt lat="49.6290240" lon="19.4961230">
    <ele>938</ele>
    
   </trkpt>
   <trkpt lat="49.6289970" lon="19.4962000">
    <ele>940</ele>
    
   </trkpt>
   <trkpt lat="49.6289670" lon="19.4962390">
    <ele>941</ele>
    
   </trkpt>
   <trkpt lat="49.6289590" lon="19.4962900">
    <ele>941</ele>
    
   </trkpt>
   <trkpt lat="49.6289460" lon="19.4963400">
    <ele>942</ele>
    
   </trkpt>
   <trkpt lat="49.6289230" lon="19.4963820">
    <ele>942</ele>
    
   </trkpt>
   <trkpt lat="49.6289080" lon="19.4964350">
    <ele>943</ele>
    
   </trkpt>
   <trkpt lat="49.6289040" lon="19.4964800">
    <ele>943</ele>
    
   </trkpt>
   <trkpt lat="49.6288920" lon="19.4965220">
    <ele>944</ele>
    
   </trkpt>
   <trkpt lat="49.6288740" lon="19.4965660">
    <ele>944</ele>
    
   </trkpt>
   <trkpt lat="49.6288510" lon="19.4966080">
    <ele>945</ele>
    
   </trkpt>
   <trkpt lat="49.6288350" lon="19.4966620">
    <ele>946</ele>
    
   </trkpt>
   <trkpt lat="49.6288290" lon="19.4967160">
    <ele>946</ele>
    
   </trkpt>
   <trkpt lat="49.6288200" lon="19.4967970">
    <ele>946</ele>
    
   </trkpt>
   <trkpt lat="49.6288110" lon="19.4968380">
    <ele>946</ele>
    
   </trkpt>
   <trkpt lat="49.6288030" lon="19.4968800">
    <ele>946</ele>
    
   </trkpt>
   <trkpt lat="49.6287900" lon="19.4969280">
    <ele>946</ele>
    
   </trkpt>
   <trkpt lat="49.6287560" lon="19.4969350">
    <ele>947</ele>
    
   </trkpt>
   <trkpt lat="49.6287690" lon="19.4968400">
    <ele>947</ele>
    
   </trkpt>
   <trkpt lat="49.6287850" lon="19.4967830">
    <ele>947</ele>
    
   </trkpt>
   <trkpt lat="49.6287940" lon="19.4967200">
    <ele>947</ele>
    
   </trkpt>
   <trkpt lat="49.6288070" lon="19.4966620">
    <ele>946</ele>
    
   </trkpt>
   <trkpt lat="49.6288080" lon="19.4966200">
    <ele>946</ele>
    
   </trkpt>
   <trkpt lat="49.6287960" lon="19.4965690">
    <ele>947</ele>
    
   </trkpt>
   <trkpt lat="49.6287760" lon="19.4965270">
    <ele>947</ele>
    
   </trkpt>
   <trkpt lat="49.6287650" lon="19.4964730">
    <ele>947</ele>
    
   </trkpt>
   <trkpt lat="49.6287630" lon="19.4963730">
    <ele>947</ele>
    
   </trkpt>
   <trkpt lat="49.6287620" lon="19.4963250">
    <ele>947</ele>
    
   </trkpt>
   <trkpt lat="49.6287560" lon="19.4962680">
    <ele>947</ele>
    
   </trkpt>
   <trkpt lat="49.6287680" lon="19.4961890">
    <ele>947</ele>
    
   </trkpt>
   <trkpt lat="49.6287800" lon="19.4961510">
    <ele>946</ele>
    
   </trkpt>
   <trkpt lat="49.6287840" lon="19.4961060">
    <ele>946</ele>
    
   </trkpt>
   <trkpt lat="49.6287700" lon="19.4960500">
    <ele>947</ele>
    
   </trkpt>
   <trkpt lat="49.6287510" lon="19.4960150">
    <ele>947</ele>
    
   </trkpt>
   <trkpt lat="49.6287430" lon="19.4959710">
    <ele>947</ele>
    
   </trkpt>
   <trkpt lat="49.6287350" lon="19.4959230">
    <ele>948</ele>
    
   </trkpt>
   <trkpt lat="49.6287320" lon="19.4958720">
    <ele>948</ele>
    
   </trkpt>
   <trkpt lat="49.6287300" lon="19.4958180">
    <ele>948</ele>
    
   </trkpt>
   <trkpt lat="49.6287160" lon="19.4957600">
    <ele>948</ele>
    
   </trkpt>
   <trkpt lat="49.6286830" lon="19.4956990">
    <ele>949</ele>
    
   </trkpt>
   <trkpt lat="49.6286680" lon="19.4956570">
    <ele>950</ele>
    
   </trkpt>
   <trkpt lat="49.6286420" lon="19.4956080">
    <ele>950</ele>
    
   </trkpt>
   <trkpt lat="49.6286280" lon="19.4955720">
    <ele>951</ele>
    
   </trkpt>
   <trkpt lat="49.6286130" lon="19.4955220">
    <ele>951</ele>
    
   </trkpt>
   <trkpt lat="49.6286130" lon="19.4954740">
    <ele>951</ele>
    
   </trkpt>
   <trkpt lat="49.6286040" lon="19.4954230">
    <ele>951</ele>
    
   </trkpt>
   <trkpt lat="49.6285990" lon="19.4953550">
    <ele>951</ele>
    
   </trkpt>
   <trkpt lat="49.6285860" lon="19.4953060">
    <ele>952</ele>
    
   </trkpt>
   <trkpt lat="49.6285650" lon="19.4952540">
    <ele>953</ele>
    
   </trkpt>
   <trkpt lat="49.6285210" lon="19.4952040">
    <ele>954</ele>
    
   </trkpt>
   <trkpt lat="49.6284930" lon="19.4951740">
    <ele>955</ele>
    
   </trkpt>
   <trkpt lat="49.6284750" lon="19.4951350">
    <ele>956</ele>
    
   </trkpt>
   <trkpt lat="49.6284510" lon="19.4950930">
    <ele>956</ele>
    
   </trkpt>
   <trkpt lat="49.6284210" lon="19.4950520">
    <ele>957</ele>
    
   </trkpt>
   <trkpt lat="49.6283990" lon="19.4950150">
    <ele>958</ele>
    
   </trkpt>
   <trkpt lat="49.6283750" lon="19.4949550">
    <ele>959</ele>
    
   </trkpt>
   <trkpt lat="49.6283730" lon="19.4949080">
    <ele>959</ele>
    
   </trkpt>
   <trkpt lat="49.6283550" lon="19.4948600">
    <ele>959</ele>
    
   </trkpt>
   <trkpt lat="49.6283530" lon="19.4948170">
    <ele>959</ele>
    
   </trkpt>
   <trkpt lat="49.6283400" lon="19.4947630">
    <ele>959</ele>
    
   </trkpt>
   <trkpt lat="49.6283190" lon="19.4947340">
    <ele>959</ele>
    
   </trkpt>
   <trkpt lat="49.6282800" lon="19.4946560">
    <ele>960</ele>
    
   </trkpt>
   <trkpt lat="49.6282570" lon="19.4946230">
    <ele>960</ele>
    
   </trkpt>
   <trkpt lat="49.6282370" lon="19.4945680">
    <ele>960</ele>
    
   </trkpt>
   <trkpt lat="49.6282320" lon="19.4945180">
    <ele>960</ele>
    
   </trkpt>
   <trkpt lat="49.6282140" lon="19.4944400">
    <ele>960</ele>
    
   </trkpt>
   <trkpt lat="49.6282070" lon="19.4943970">
    <ele>960</ele>
    
   </trkpt>
   <trkpt lat="49.6281920" lon="19.4943590">
    <ele>960</ele>
    
   </trkpt>
   <trkpt lat="49.6281790" lon="19.4943000">
    <ele>960</ele>
    
   </trkpt>
   <trkpt lat="49.6281610" lon="19.4942430">
    <ele>960</ele>
    
   </trkpt>
   <trkpt lat="49.6281530" lon="19.4942010">
    <ele>960</ele>
    
   </trkpt>
   <trkpt lat="49.6281350" lon="19.4941580">
    <ele>961</ele>
    
   </trkpt>
   <trkpt lat="49.6281060" lon="19.4941330">
    <ele>961</ele>
    
   </trkpt>
   <trkpt lat="49.6280740" lon="19.4941030">
    <ele>962</ele>
    
   </trkpt>
   <trkpt lat="49.6280270" lon="19.4940810">
    <ele>963</ele>
    
   </trkpt>
   <trkpt lat="49.6279980" lon="19.4940490">
    <ele>964</ele>
    
   </trkpt>
   <trkpt lat="49.6279760" lon="19.4940210">
    <ele>964</ele>
    
   </trkpt>
   <trkpt lat="49.6279570" lon="19.4939820">
    <ele>965</ele>
    
   </trkpt>
   <trkpt lat="49.6279320" lon="19.4939350">
    <ele>965</ele>
    
   </trkpt>
   <trkpt lat="49.6279100" lon="19.4938490">
    <ele>966</ele>
    
   </trkpt>
   <trkpt lat="49.6279030" lon="19.4938040">
    <ele>966</ele>
    
   </trkpt>
   <trkpt lat="49.6278900" lon="19.4937670">
    <ele>966</ele>
    
   </trkpt>
   <trkpt lat="49.6278690" lon="19.4937320">
    <ele>967</ele>
    
   </trkpt>
   <trkpt lat="49.6278400" lon="19.4937080">
    <ele>967</ele>
    
   </trkpt>
   <trkpt lat="49.6278360" lon="19.4936670">
    <ele>967</ele>
    
   </trkpt>
   <trkpt lat="49.6278210" lon="19.4936310">
    <ele>968</ele>
    
   </trkpt>
   <trkpt lat="49.6278060" lon="19.4935870">
    <ele>968</ele>
    
   </trkpt>
   <trkpt lat="49.6277850" lon="19.4935480">
    <ele>968</ele>
    
   </trkpt>
   <trkpt lat="49.6277730" lon="19.4935080">
    <ele>969</ele>
    
   </trkpt>
   <trkpt lat="49.6277770" lon="19.4934460">
    <ele>968</ele>
    
   </trkpt>
   <trkpt lat="49.6277610" lon="19.4934010">
    <ele>969</ele>
    
   </trkpt>
   <trkpt lat="49.6277550" lon="19.4933470">
    <ele>969</ele>
    
   </trkpt>
   <trkpt lat="49.6277340" lon="19.4932940">
    <ele>970</ele>
    
   </trkpt>
   <trkpt lat="49.6277330" lon="19.4932360">
    <ele>970</ele>
    
   </trkpt>
   <trkpt lat="49.6277120" lon="19.4932060">
    <ele>970</ele>
    
   </trkpt>
   <trkpt lat="49.6277020" lon="19.4931580">
    <ele>971</ele>
    
   </trkpt>
   <trkpt lat="49.6276890" lon="19.4931080">
    <ele>971</ele>
    
   </trkpt>
   <trkpt lat="49.6276870" lon="19.4930460">
    <ele>971</ele>
    
   </trkpt>
   <trkpt lat="49.6276730" lon="19.4929990">
    <ele>972</ele>
    
   </trkpt>
   <trkpt lat="49.6276520" lon="19.4929660">
    <ele>973</ele>
    
   </trkpt>
   <trkpt lat="49.6276390" lon="19.4929140">
    <ele>973</ele>
    
   </trkpt>
   <trkpt lat="49.6276280" lon="19.4928670">
    <ele>974</ele>
    
   </trkpt>
   <trkpt lat="49.6276120" lon="19.4928100">
    <ele>974</ele>
    
   </trkpt>
   <trkpt lat="49.6275960" lon="19.4927650">
    <ele>975</ele>
    
   </trkpt>
   <trkpt lat="49.6275770" lon="19.4927240">
    <ele>976</ele>
    
   </trkpt>
   <trkpt lat="49.6275470" lon="19.4927230">
    <ele>977</ele>
    
   </trkpt>
   <trkpt lat="49.6275100" lon="19.4927410">
    <ele>978</ele>
    
   </trkpt>
   <trkpt lat="49.6274830" lon="19.4927600">
    <ele>979</ele>
    
   </trkpt>
   <trkpt lat="49.6274740" lon="19.4928020">
    <ele>979</ele>
    
   </trkpt>
   <trkpt lat="49.6274470" lon="19.4928500">
    <ele>978</ele>
    
   </trkpt>
   <trkpt lat="49.6274300" lon="19.4928940">
    <ele>978</ele>
    
   </trkpt>
   <trkpt lat="49.6274000" lon="19.4929280">
    <ele>978</ele>
    
   </trkpt>
   <trkpt lat="49.6273780" lon="19.4929600">
    <ele>978</ele>
    
   </trkpt>
   <trkpt lat="49.6273570" lon="19.4929010">
    <ele>979</ele>
    
   </trkpt>
   <trkpt lat="49.6273660" lon="19.4928420">
    <ele>979</ele>
    
   </trkpt>
   <trkpt lat="49.6273660" lon="19.4927960">
    <ele>979</ele>
    
   </trkpt>
   <trkpt lat="49.6273710" lon="19.4927410">
    <ele>979</ele>
    
   </trkpt>
   <trkpt lat="49.6273610" lon="19.4927000">
    <ele>979</ele>
    
   </trkpt>
   <trkpt lat="49.6273510" lon="19.4926460">
    <ele>980</ele>
    
   </trkpt>
   <trkpt lat="49.6273420" lon="19.4926020">
    <ele>980</ele>
    
   </trkpt>
   <trkpt lat="49.6273290" lon="19.4925610">
    <ele>980</ele>
    
   </trkpt>
   <trkpt lat="49.6273170" lon="19.4925160">
    <ele>980</ele>
    
   </trkpt>
   <trkpt lat="49.6273100" lon="19.4924490">
    <ele>981</ele>
    
   </trkpt>
   <trkpt lat="49.6273050" lon="19.4923840">
    <ele>981</ele>
    
   </trkpt>
   <trkpt lat="49.6272960" lon="19.4923370">
    <ele>981</ele>
    
   </trkpt>
   <trkpt lat="49.6272910" lon="19.4922830">
    <ele>981</ele>
    
   </trkpt>
   <trkpt lat="49.6272870" lon="19.4922390">
    <ele>981</ele>
    
   </trkpt>
   <trkpt lat="49.6272710" lon="19.4921950">
    <ele>981</ele>
    
   </trkpt>
   <trkpt lat="49.6272660" lon="19.4921490">
    <ele>981</ele>
    
   </trkpt>
   <trkpt lat="49.6272660" lon="19.4920970">
    <ele>982</ele>
    
   </trkpt>
   <trkpt lat="49.6272790" lon="19.4920540">
    <ele>982</ele>
    
   </trkpt>
   <trkpt lat="49.6273040" lon="19.4920230">
    <ele>981</ele>
    
   </trkpt>
   <trkpt lat="49.6273290" lon="19.4919800">
    <ele>981</ele>
    
   </trkpt>
   <trkpt lat="49.6273330" lon="19.4919320">
    <ele>981</ele>
    
   </trkpt>
   <trkpt lat="49.6273300" lon="19.4918680">
    <ele>981</ele>
    
   </trkpt>
   <trkpt lat="49.6273200" lon="19.4918220">
    <ele>982</ele>
    
   </trkpt>
   <trkpt lat="49.6273110" lon="19.4917710">
    <ele>982</ele>
    
   </trkpt>
   <trkpt lat="49.6273070" lon="19.4917170">
    <ele>982</ele>
    
   </trkpt>
   <trkpt lat="49.6272950" lon="19.4916740">
    <ele>982</ele>
    
   </trkpt>
   <trkpt lat="49.6273000" lon="19.4916170">
    <ele>982</ele>
    
   </trkpt>
   <trkpt lat="49.6273060" lon="19.4915430">
    <ele>982</ele>
    
   </trkpt>
   <trkpt lat="49.6273100" lon="19.4914450">
    <ele>982</ele>
    
   </trkpt>
   <trkpt lat="49.6273090" lon="19.4913870">
    <ele>982</ele>
    
   </trkpt>
   <trkpt lat="49.6273090" lon="19.4913390">
    <ele>982</ele>
    
   </trkpt>
   <trkpt lat="49.6272930" lon="19.4913010">
    <ele>982</ele>
    
   </trkpt>
   <trkpt lat="49.6272840" lon="19.4912530">
    <ele>983</ele>
    
   </trkpt>
   <trkpt lat="49.6272860" lon="19.4912070">
    <ele>983</ele>
    
   </trkpt>
   <trkpt lat="49.6272830" lon="19.4911510">
    <ele>983</ele>
    
   </trkpt>
   <trkpt lat="49.6272700" lon="19.4910970">
    <ele>983</ele>
    
   </trkpt>
   <trkpt lat="49.6272550" lon="19.4910290">
    <ele>983</ele>
    
   </trkpt>
   <trkpt lat="49.6272370" lon="19.4909810">
    <ele>984</ele>
    
   </trkpt>
   <trkpt lat="49.6272330" lon="19.4909330">
    <ele>984</ele>
    
   </trkpt>
   <trkpt lat="49.6272330" lon="19.4908880">
    <ele>984</ele>
    
   </trkpt>
   <trkpt lat="49.6272300" lon="19.4908430">
    <ele>984</ele>
    
   </trkpt>
   <trkpt lat="49.6272150" lon="19.4907930">
    <ele>984</ele>
    
   </trkpt>
   <trkpt lat="49.6271670" lon="19.4907770">
    <ele>985</ele>
    
   </trkpt>
   <trkpt lat="49.6271330" lon="19.4907830">
    <ele>986</ele>
    
   </trkpt>
   <trkpt lat="49.6271050" lon="19.4908130">
    <ele>987</ele>
    
   </trkpt>
   <trkpt lat="49.6270790" lon="19.4908450">
    <ele>987</ele>
    
   </trkpt>
   <trkpt lat="49.6270550" lon="19.4909000">
    <ele>987</ele>
    
   </trkpt>
   <trkpt lat="49.6270190" lon="19.4909170">
    <ele>988</ele>
    
   </trkpt>
   <trkpt lat="49.6269830" lon="19.4909080">
    <ele>989</ele>
    
   </trkpt>
   <trkpt lat="49.6269600" lon="19.4908810">
    <ele>989</ele>
    
   </trkpt>
   <trkpt lat="49.6269500" lon="19.4908390">
    <ele>990</ele>
    
   </trkpt>
   <trkpt lat="49.6269520" lon="19.4907930">
    <ele>990</ele>
    
   </trkpt>
   <trkpt lat="49.6269500" lon="19.4907460">
    <ele>990</ele>
    
   </trkpt>
   <trkpt lat="49.6269720" lon="19.4906550">
    <ele>990</ele>
    
   </trkpt>
   <trkpt lat="49.6269770" lon="19.4906070">
    <ele>990</ele>
    
   </trkpt>
   <trkpt lat="49.6269820" lon="19.4905200">
    <ele>991</ele>
    
   </trkpt>
   <trkpt lat="49.6269790" lon="19.4904540">
    <ele>991</ele>
    
   </trkpt>
   <trkpt lat="49.6269820" lon="19.4904080">
    <ele>991</ele>
    
   </trkpt>
   <trkpt lat="49.6269630" lon="19.4903650">
    <ele>992</ele>
    
   </trkpt>
   <trkpt lat="49.6269270" lon="19.4903470">
    <ele>993</ele>
    
   </trkpt>
   <trkpt lat="49.6268980" lon="19.4903600">
    <ele>994</ele>
    
   </trkpt>
   <trkpt lat="49.6268700" lon="19.4903760">
    <ele>994</ele>
    
   </trkpt>
   <trkpt lat="49.6268430" lon="19.4904120">
    <ele>995</ele>
    
   </trkpt>
   <trkpt lat="49.6266610" lon="19.4904210">
    <ele>999</ele>
    
   </trkpt>
   <trkpt lat="49.6266290" lon="19.4904270">
    <ele>999</ele>
    
   </trkpt>
   <trkpt lat="49.6265920" lon="19.4904350">
    <ele>999</ele>
    
   </trkpt>
   <trkpt lat="49.6265550" lon="19.4904390">
    <ele>999</ele>
    
   </trkpt>
   <trkpt lat="49.6265220" lon="19.4904480">
    <ele>999</ele>
    
   </trkpt>
   <trkpt lat="49.6264920" lon="19.4904340">
    <ele>1000</ele>
    
   </trkpt>
   <trkpt lat="49.6264520" lon="19.4904190">
    <ele>1000</ele>
    
   </trkpt>
   <trkpt lat="49.6264250" lon="19.4903910">
    <ele>1000</ele>
    
   </trkpt>
   <trkpt lat="49.6263880" lon="19.4903510">
    <ele>1001</ele>
    
   </trkpt>
   <trkpt lat="49.6263660" lon="19.4903220">
    <ele>1001</ele>
    
   </trkpt>
   <trkpt lat="49.6263350" lon="19.4903140">
    <ele>1001</ele>
    
   </trkpt>
   <trkpt lat="49.6262840" lon="19.4902830">
    <ele>1002</ele>
    
   </trkpt>
   <trkpt lat="49.6262600" lon="19.4902460">
    <ele>1002</ele>
    
   </trkpt>
   <trkpt lat="49.6262320" lon="19.4902130">
    <ele>1003</ele>
    
   </trkpt>
   <trkpt lat="49.6262110" lon="19.4901360">
    <ele>1004</ele>
    
   </trkpt>
   <trkpt lat="49.6261920" lon="19.4900990">
    <ele>1004</ele>
    
   </trkpt>
   <trkpt lat="49.6261670" lon="19.4900690">
    <ele>1005</ele>
    
   </trkpt>
   <trkpt lat="49.6261560" lon="19.4900130">
    <ele>1006</ele>
    
   </trkpt>
   <trkpt lat="49.6261350" lon="19.4899580">
    <ele>1007</ele>
    
   </trkpt>
   <trkpt lat="49.6261160" lon="19.4899090">
    <ele>1008</ele>
    
   </trkpt>
   <trkpt lat="49.6260970" lon="19.4898640">
    <ele>1008</ele>
    
   </trkpt>
   <trkpt lat="49.6260890" lon="19.4898190">
    <ele>1009</ele>
    
   </trkpt>
   <trkpt lat="49.6260620" lon="19.4897840">
    <ele>1010</ele>
    
   </trkpt>
   <trkpt lat="49.6260320" lon="19.4897570">
    <ele>1010</ele>
    
   </trkpt>
   <trkpt lat="49.6259910" lon="19.4897250">
    <ele>1011</ele>
    
   </trkpt>
   <trkpt lat="49.6259720" lon="19.4896820">
    <ele>1012</ele>
    
   </trkpt>
   <trkpt lat="49.6259810" lon="19.4896060">
    <ele>1013</ele>
    
   </trkpt>
   <trkpt lat="49.6260140" lon="19.4895670">
    <ele>1013</ele>
    
   </trkpt>
   <trkpt lat="49.6260390" lon="19.4895520">
    <ele>1014</ele>
    
   </trkpt>
   <trkpt lat="49.6260770" lon="19.4895370">
    <ele>1013</ele>
    
   </trkpt>
   <trkpt lat="49.6261060" lon="19.4895350">
    <ele>1013</ele>
    
   </trkpt>
   <trkpt lat="49.6261330" lon="19.4895390">
    <ele>1013</ele>
    
   </trkpt>
   <trkpt lat="49.6261610" lon="19.4895480">
    <ele>1013</ele>
    
   </trkpt>
   <trkpt lat="49.6261970" lon="19.4895850">
    <ele>1012</ele>
    
   </trkpt>
   <trkpt lat="49.6262260" lon="19.4895710">
    <ele>1012</ele>
    
   </trkpt>
   <trkpt lat="49.6262340" lon="19.4895220">
    <ele>1013</ele>
    
   </trkpt>
   <trkpt lat="49.6262080" lon="19.4894880">
    <ele>1013</ele>
    
   </trkpt>
   <trkpt lat="49.6261840" lon="19.4894450">
    <ele>1014</ele>
    
   </trkpt>
   <trkpt lat="49.6261610" lon="19.4894040">
    <ele>1015</ele>
    
   </trkpt>
   <trkpt lat="49.6261350" lon="19.4893820">
    <ele>1015</ele>
    
   </trkpt>
   <trkpt lat="49.6261190" lon="19.4893380">
    <ele>1016</ele>
    
   </trkpt>
   <trkpt lat="49.6261020" lon="19.4892890">
    <ele>1017</ele>
    
   </trkpt>
   <trkpt lat="49.6260770" lon="19.4892530">
    <ele>1018</ele>
    
   </trkpt>
   <trkpt lat="49.6260540" lon="19.4892180">
    <ele>1019</ele>
    
   </trkpt>
   <trkpt lat="49.6260260" lon="19.4891890">
    <ele>1019</ele>
    
   </trkpt>
   <trkpt lat="49.6259980" lon="19.4891710">
    <ele>1020</ele>
    
   </trkpt>
   <trkpt lat="49.6259540" lon="19.4891270">
    <ele>1021</ele>
    
   </trkpt>
   <trkpt lat="49.6259220" lon="19.4890860">
    <ele>1022</ele>
    
   </trkpt>
   <trkpt lat="49.6259230" lon="19.4890360">
    <ele>1022</ele>
    
   </trkpt>
   <trkpt lat="49.6259610" lon="19.4890390">
    <ele>1022</ele>
    
   </trkpt>
   <trkpt lat="49.6259920" lon="19.4890370">
    <ele>1021</ele>
    
   </trkpt>
   <trkpt lat="49.6260300" lon="19.4890470">
    <ele>1021</ele>
    
   </trkpt>
   <trkpt lat="49.6260680" lon="19.4890500">
    <ele>1020</ele>
    
   </trkpt>
   <trkpt lat="49.6260930" lon="19.4890300">
    <ele>1020</ele>
    
   </trkpt>
   <trkpt lat="49.6261240" lon="19.4890210">
    <ele>1020</ele>
    
   </trkpt>
   <trkpt lat="49.6261540" lon="19.4890080">
    <ele>1020</ele>
    
   </trkpt>
   <trkpt lat="49.6261400" lon="19.4889690">
    <ele>1020</ele>
    
   </trkpt>
   <trkpt lat="49.6261130" lon="19.4889620">
    <ele>1021</ele>
    
   </trkpt>
   <trkpt lat="49.6260920" lon="19.4889300">
    <ele>1021</ele>
    
   </trkpt>
   <trkpt lat="49.6260620" lon="19.4888830">
    <ele>1022</ele>
    
   </trkpt>
   <trkpt lat="49.6260280" lon="19.4888600">
    <ele>1023</ele>
    
   </trkpt>
   <trkpt lat="49.6260020" lon="19.4888360">
    <ele>1023</ele>
    
   </trkpt>
   <trkpt lat="49.6259790" lon="19.4888150">
    <ele>1024</ele>
    
   </trkpt>
   <trkpt lat="49.6259520" lon="19.4887830">
    <ele>1025</ele>
    
   </trkpt>
   <trkpt lat="49.6259320" lon="19.4887450">
    <ele>1025</ele>
    
   </trkpt>
   <trkpt lat="49.6259110" lon="19.4887150">
    <ele>1026</ele>
    
   </trkpt>
   <trkpt lat="49.6259020" lon="19.4886720">
    <ele>1027</ele>
    
   </trkpt>
   <trkpt lat="49.6258800" lon="19.4886190">
    <ele>1027</ele>
    
   </trkpt>
   <trkpt lat="49.6258710" lon="19.4885760">
    <ele>1028</ele>
    
   </trkpt>
   <trkpt lat="49.6258680" lon="19.4885350">
    <ele>1029</ele>
    
   </trkpt>
   <trkpt lat="49.6258670" lon="19.4884690">
    <ele>1029</ele>
    
   </trkpt>
   <trkpt lat="49.6258500" lon="19.4884250">
    <ele>1030</ele>
    
   </trkpt>
   <trkpt lat="49.6258370" lon="19.4883730">
    <ele>1031</ele>
    
   </trkpt>
   <trkpt lat="49.6258090" lon="19.4883520">
    <ele>1031</ele>
    
   </trkpt>
   <trkpt lat="49.6257900" lon="19.4883100">
    <ele>1031</ele>
    
   </trkpt>
   <trkpt lat="49.6258210" lon="19.4883360">
    <ele>1031</ele>
    
   </trkpt>
   <trkpt lat="49.6258410" lon="19.4883790">
    <ele>1031</ele>
    
   </trkpt>
   <trkpt lat="49.6258630" lon="19.4883510">
    <ele>1031</ele>
    
   </trkpt>
   <trkpt lat="49.6258590" lon="19.4882970">
    <ele>1031</ele>
    
   </trkpt>
   <trkpt lat="49.6258290" lon="19.4882620">
    <ele>1032</ele>
    
   </trkpt>
   <trkpt lat="49.6258160" lon="19.4882220">
    <ele>1032</ele>
    
   </trkpt>
   <trkpt lat="49.6258060" lon="19.4881720">
    <ele>1033</ele>
    
   </trkpt>
   <trkpt lat="49.6257680" lon="19.4880850">
    <ele>1033</ele>
    
   </trkpt>
   <trkpt lat="49.6257560" lon="19.4880400">
    <ele>1033</ele>
    
   </trkpt>
   <trkpt lat="49.6257420" lon="19.4880020">
    <ele>1034</ele>
    
   </trkpt>
   <trkpt lat="49.6257270" lon="19.4879520">
    <ele>1034</ele>
    
   </trkpt>
   <trkpt lat="49.6257120" lon="19.4878960">
    <ele>1035</ele>
    
   </trkpt>
   <trkpt lat="49.6256860" lon="19.4878640">
    <ele>1035</ele>
    
   </trkpt>
   <trkpt lat="49.6256370" lon="19.4878180">
    <ele>1035</ele>
    
   </trkpt>
   <trkpt lat="49.6256150" lon="19.4877900">
    <ele>1035</ele>
    
   </trkpt>
   <trkpt lat="49.6255960" lon="19.4877570">
    <ele>1035</ele>
    
   </trkpt>
   <trkpt lat="49.6255740" lon="19.4877210">
    <ele>1036</ele>
    
   </trkpt>
   <trkpt lat="49.6255610" lon="19.4876790">
    <ele>1036</ele>
    
   </trkpt>
   <trkpt lat="49.6255570" lon="19.4876340">
    <ele>1036</ele>
    
   </trkpt>
   <trkpt lat="49.6255890" lon="19.4875960">
    <ele>1037</ele>
    
   </trkpt>
   <trkpt lat="49.6256170" lon="19.4876030">
    <ele>1037</ele>
    
   </trkpt>
   <trkpt lat="49.6256430" lon="19.4875800">
    <ele>1037</ele>
    
   </trkpt>
   <trkpt lat="49.6256750" lon="19.4875650">
    <ele>1037</ele>
    
   </trkpt>
   <trkpt lat="49.6256990" lon="19.4875380">
    <ele>1038</ele>
    
   </trkpt>
   <trkpt lat="49.6257310" lon="19.4874950">
    <ele>1038</ele>
    
   </trkpt>
   <trkpt lat="49.6257590" lon="19.4874820">
    <ele>1038</ele>
    
   </trkpt>
   <trkpt lat="49.6257760" lon="19.4874400">
    <ele>1039</ele>
    
   </trkpt>
   <trkpt lat="49.6257450" lon="19.4874270">
    <ele>1039</ele>
    
   </trkpt>
   <trkpt lat="49.6257240" lon="19.4874010">
    <ele>1039</ele>
    
   </trkpt>
   <trkpt lat="49.6257010" lon="19.4873640">
    <ele>1039</ele>
    
   </trkpt>
   <trkpt lat="49.6256870" lon="19.4873130">
    <ele>1040</ele>
    
   </trkpt>
   <trkpt lat="49.6256650" lon="19.4872760">
    <ele>1040</ele>
    
   </trkpt>
   <trkpt lat="49.6256390" lon="19.4872580">
    <ele>1040</ele>
    
   </trkpt>
   <trkpt lat="49.6256180" lon="19.4872200">
    <ele>1040</ele>
    
   </trkpt>
   <trkpt lat="49.6255960" lon="19.4871700">
    <ele>1041</ele>
    
   </trkpt>
   <trkpt lat="49.6255760" lon="19.4871140">
    <ele>1041</ele>
    
   </trkpt>
   <trkpt lat="49.6255500" lon="19.4870640">
    <ele>1042</ele>
    
   </trkpt>
   <trkpt lat="49.6255310" lon="19.4870120">
    <ele>1042</ele>
    
   </trkpt>
   <trkpt lat="49.6255090" lon="19.4869760">
    <ele>1042</ele>
    
   </trkpt>
   <trkpt lat="49.6254860" lon="19.4869470">
    <ele>1043</ele>
    
   </trkpt>
   <trkpt lat="49.6254610" lon="19.4869320">
    <ele>1043</ele>
    
   </trkpt>
   <trkpt lat="49.6254320" lon="19.4869190">
    <ele>1043</ele>
    
   </trkpt>
   <trkpt lat="49.6254060" lon="19.4868990">
    <ele>1043</ele>
    
   </trkpt>
   <trkpt lat="49.6253600" lon="19.4868300">
    <ele>1044</ele>
    
   </trkpt>
   <trkpt lat="49.6253370" lon="19.4867970">
    <ele>1044</ele>
    
   </trkpt>
   <trkpt lat="49.6253060" lon="19.4867760">
    <ele>1045</ele>
    
   </trkpt>
   <trkpt lat="49.6252820" lon="19.4867400">
    <ele>1045</ele>
    
   </trkpt>
   <trkpt lat="49.6252580" lon="19.4866880">
    <ele>1046</ele>
    
   </trkpt>
   <trkpt lat="49.6252360" lon="19.4866600">
    <ele>1046</ele>
    
   </trkpt>
   <trkpt lat="49.6252110" lon="19.4866210">
    <ele>1046</ele>
    
   </trkpt>
   <trkpt lat="49.6251800" lon="19.4865820">
    <ele>1047</ele>
    
   </trkpt>
   <trkpt lat="49.6251440" lon="19.4865370">
    <ele>1047</ele>
    
   </trkpt>
   <trkpt lat="49.6251080" lon="19.4864850">
    <ele>1048</ele>
    
   </trkpt>
   <trkpt lat="49.6250940" lon="19.4864410">
    <ele>1048</ele>
    
   </trkpt>
   <trkpt lat="49.6250750" lon="19.4863990">
    <ele>1049</ele>
    
   </trkpt>
   <trkpt lat="49.6250560" lon="19.4863660">
    <ele>1049</ele>
    
   </trkpt>
   <trkpt lat="49.6250480" lon="19.4863220">
    <ele>1050</ele>
    
   </trkpt>
   <trkpt lat="49.6250190" lon="19.4862960">
    <ele>1050</ele>
    
   </trkpt>
   <trkpt lat="49.6250020" lon="19.4862620">
    <ele>1050</ele>
    
   </trkpt>
   <trkpt lat="49.6249950" lon="19.4862210">
    <ele>1051</ele>
    
   </trkpt>
   <trkpt lat="49.6249780" lon="19.4861800">
    <ele>1051</ele>
    
   </trkpt>
   <trkpt lat="49.6249540" lon="19.4861560">
    <ele>1051</ele>
    
   </trkpt>
   <trkpt lat="49.6249260" lon="19.4861210">
    <ele>1051</ele>
    
   </trkpt>
   <trkpt lat="49.6249020" lon="19.4860820">
    <ele>1051</ele>
    
   </trkpt>
   <trkpt lat="49.6248830" lon="19.4860400">
    <ele>1051</ele>
    
   </trkpt>
   <trkpt lat="49.6248710" lon="19.4859760">
    <ele>1052</ele>
    
   </trkpt>
   <trkpt lat="49.6248750" lon="19.4859310">
    <ele>1052</ele>
    
   </trkpt>
   <trkpt lat="49.6248660" lon="19.4858710">
    <ele>1053</ele>
    
   </trkpt>
   <trkpt lat="49.6248440" lon="19.4858120">
    <ele>1053</ele>
    
   </trkpt>
   <trkpt lat="49.6248350" lon="19.4857620">
    <ele>1053</ele>
    
   </trkpt>
   <trkpt lat="49.6248100" lon="19.4857280">
    <ele>1053</ele>
    
   </trkpt>
   <trkpt lat="49.6247760" lon="19.4856910">
    <ele>1053</ele>
    
   </trkpt>
   <trkpt lat="49.6247590" lon="19.4856370">
    <ele>1054</ele>
    
   </trkpt>
   <trkpt lat="49.6247500" lon="19.4855790">
    <ele>1054</ele>
    
   </trkpt>
   <trkpt lat="49.6247380" lon="19.4855390">
    <ele>1054</ele>
    
   </trkpt>
   <trkpt lat="49.6247220" lon="19.4854890">
    <ele>1054</ele>
    
   </trkpt>
   <trkpt lat="49.6247020" lon="19.4854460">
    <ele>1055</ele>
    
   </trkpt>
   <trkpt lat="49.6246770" lon="19.4854240">
    <ele>1055</ele>
    
   </trkpt>
   <trkpt lat="49.6246590" lon="19.4853870">
    <ele>1055</ele>
    
   </trkpt>
   <trkpt lat="49.6246390" lon="19.4853440">
    <ele>1055</ele>
    
   </trkpt>
   <trkpt lat="49.6246220" lon="19.4853090">
    <ele>1055</ele>
    
   </trkpt>
   <trkpt lat="49.6246060" lon="19.4852690">
    <ele>1055</ele>
    
   </trkpt>
   <trkpt lat="49.6245820" lon="19.4852280">
    <ele>1056</ele>
    
   </trkpt>
   <trkpt lat="49.6245560" lon="19.4851740">
    <ele>1056</ele>
    
   </trkpt>
   <trkpt lat="49.6245400" lon="19.4851360">
    <ele>1056</ele>
    
   </trkpt>
   <trkpt lat="49.6245250" lon="19.4850820">
    <ele>1057</ele>
    
   </trkpt>
   <trkpt lat="49.6245150" lon="19.4850350">
    <ele>1057</ele>
    
   </trkpt>
   <trkpt lat="49.6245040" lon="19.4849700">
    <ele>1057</ele>
    
   </trkpt>
   <trkpt lat="49.6244950" lon="19.4849270">
    <ele>1058</ele>
    
   </trkpt>
   <trkpt lat="49.6244960" lon="19.4848610">
    <ele>1058</ele>
    
   </trkpt>
   <trkpt lat="49.6244730" lon="19.4848160">
    <ele>1059</ele>
    
   </trkpt>
   <trkpt lat="49.6244700" lon="19.4847640">
    <ele>1059</ele>
    
   </trkpt>
   <trkpt lat="49.6244710" lon="19.4847110">
    <ele>1060</ele>
    
   </trkpt>
   <trkpt lat="49.6244530" lon="19.4846760">
    <ele>1060</ele>
    
   </trkpt>
   <trkpt lat="49.6244360" lon="19.4846170">
    <ele>1060</ele>
    
   </trkpt>
   <trkpt lat="49.6244310" lon="19.4845680">
    <ele>1061</ele>
    
   </trkpt>
   <trkpt lat="49.6244200" lon="19.4845020">
    <ele>1061</ele>
    
   </trkpt>
   <trkpt lat="49.6244010" lon="19.4844390">
    <ele>1062</ele>
    
   </trkpt>
   <trkpt lat="49.6243690" lon="19.4843940">
    <ele>1062</ele>
    
   </trkpt>
   <trkpt lat="49.6243580" lon="19.4843450">
    <ele>1062</ele>
    
   </trkpt>
   <trkpt lat="49.6243420" lon="19.4842900">
    <ele>1062</ele>
    
   </trkpt>
   <trkpt lat="49.6243390" lon="19.4842300">
    <ele>1063</ele>
    
   </trkpt>
   <trkpt lat="49.6243270" lon="19.4841820">
    <ele>1063</ele>
    
   </trkpt>
   <trkpt lat="49.6243210" lon="19.4841390">
    <ele>1064</ele>
    
   </trkpt>
   <trkpt lat="49.6243000" lon="19.4840980">
    <ele>1064</ele>
    
   </trkpt>
   <trkpt lat="49.6242910" lon="19.4840450">
    <ele>1064</ele>
    
   </trkpt>
   <trkpt lat="49.6242760" lon="19.4839940">
    <ele>1065</ele>
    
   </trkpt>
   <trkpt lat="49.6242590" lon="19.4839460">
    <ele>1065</ele>
    
   </trkpt>
   <trkpt lat="49.6242380" lon="19.4839090">
    <ele>1065</ele>
    
   </trkpt>
   <trkpt lat="49.6242250" lon="19.4838580">
    <ele>1066</ele>
    
   </trkpt>
   <trkpt lat="49.6242110" lon="19.4838130">
    <ele>1066</ele>
    
   </trkpt>
   <trkpt lat="49.6241920" lon="19.4837540">
    <ele>1067</ele>
    
   </trkpt>
   <trkpt lat="49.6241720" lon="19.4837210">
    <ele>1067</ele>
    
   </trkpt>
   <trkpt lat="49.6241540" lon="19.4836750">
    <ele>1067</ele>
    
   </trkpt>
   <trkpt lat="49.6241330" lon="19.4836230">
    <ele>1067</ele>
    
   </trkpt>
   <trkpt lat="49.6241080" lon="19.4835930">
    <ele>1068</ele>
    
   </trkpt>
   <trkpt lat="49.6240870" lon="19.4835610">
    <ele>1068</ele>
    
   </trkpt>
   <trkpt lat="49.6240740" lon="19.4835000">
    <ele>1068</ele>
    
   </trkpt>
   <trkpt lat="49.6240640" lon="19.4834550">
    <ele>1069</ele>
    
   </trkpt>
   <trkpt lat="49.6240480" lon="19.4834000">
    <ele>1069</ele>
    
   </trkpt>
   <trkpt lat="49.6240360" lon="19.4833570">
    <ele>1069</ele>
    
   </trkpt>
   <trkpt lat="49.6240170" lon="19.4833040">
    <ele>1070</ele>
    
   </trkpt>
   <trkpt lat="49.6239880" lon="19.4832770">
    <ele>1070</ele>
    
   </trkpt>
   <trkpt lat="49.6239670" lon="19.4832440">
    <ele>1070</ele>
    
   </trkpt>
   <trkpt lat="49.6239520" lon="19.4832070">
    <ele>1070</ele>
    
   </trkpt>
   <trkpt lat="49.6239150" lon="19.4831730">
    <ele>1070</ele>
    
   </trkpt>
   <trkpt lat="49.6238870" lon="19.4831410">
    <ele>1070</ele>
    
   </trkpt>
   <trkpt lat="49.6238620" lon="19.4831120">
    <ele>1070</ele>
    
   </trkpt>
   <trkpt lat="49.6238460" lon="19.4830630">
    <ele>1071</ele>
    
   </trkpt>
   <trkpt lat="49.6238230" lon="19.4830400">
    <ele>1071</ele>
    
   </trkpt>
   <trkpt lat="49.6237990" lon="19.4830000">
    <ele>1071</ele>
    
   </trkpt>
   <trkpt lat="49.6237700" lon="19.4829670">
    <ele>1071</ele>
    
   </trkpt>
   <trkpt lat="49.6237450" lon="19.4829290">
    <ele>1071</ele>
    
   </trkpt>
   <trkpt lat="49.6237380" lon="19.4828840">
    <ele>1072</ele>
    
   </trkpt>
   <trkpt lat="49.6237190" lon="19.4828180">
    <ele>1072</ele>
    
   </trkpt>
   <trkpt lat="49.6236980" lon="19.4827580">
    <ele>1073</ele>
    
   </trkpt>
   <trkpt lat="49.6236750" lon="19.4827230">
    <ele>1073</ele>
    
   </trkpt>
   <trkpt lat="49.6236560" lon="19.4826590">
    <ele>1073</ele>
    
   </trkpt>
   <trkpt lat="49.6236480" lon="19.4826150">
    <ele>1074</ele>
    
   </trkpt>
   <trkpt lat="49.6236240" lon="19.4825710">
    <ele>1074</ele>
    
   </trkpt>
   <trkpt lat="49.6235980" lon="19.4825520">
    <ele>1074</ele>
    
   </trkpt>
   <trkpt lat="49.6235750" lon="19.4825100">
    <ele>1074</ele>
    
   </trkpt>
   <trkpt lat="49.6235440" lon="19.4825160">
    <ele>1074</ele>
    
   </trkpt>
   <trkpt lat="49.6235140" lon="19.4824940">
    <ele>1074</ele>
    
   </trkpt>
   <trkpt lat="49.6234980" lon="19.4824580">
    <ele>1075</ele>
    
   </trkpt>
   <trkpt lat="49.6234710" lon="19.4824400">
    <ele>1075</ele>
    
   </trkpt>
   <trkpt lat="49.6234370" lon="19.4824330">
    <ele>1075</ele>
    
   </trkpt>
   <trkpt lat="49.6234190" lon="19.4823960">
    <ele>1075</ele>
    
   </trkpt>
   <trkpt lat="49.6233890" lon="19.4823830">
    <ele>1075</ele>
    
   </trkpt>
   <trkpt lat="49.6233600" lon="19.4823980">
    <ele>1075</ele>
    
   </trkpt>
   <trkpt lat="49.6233320" lon="19.4823960">
    <ele>1075</ele>
    
   </trkpt>
   <trkpt lat="49.6233100" lon="19.4823670">
    <ele>1075</ele>
    
   </trkpt>
   <trkpt lat="49.6232840" lon="19.4823310">
    <ele>1076</ele>
    
   </trkpt>
   <trkpt lat="49.6232600" lon="19.4822970">
    <ele>1076</ele>
    
   </trkpt>
   <trkpt lat="49.6232380" lon="19.4822410">
    <ele>1077</ele>
    
   </trkpt>
   <trkpt lat="49.6232240" lon="19.4821950">
    <ele>1077</ele>
    
   </trkpt>
   <trkpt lat="49.6231970" lon="19.4821620">
    <ele>1078</ele>
    
   </trkpt>
   <trkpt lat="49.6231700" lon="19.4821380">
    <ele>1078</ele>
    
   </trkpt>
   <trkpt lat="49.6231440" lon="19.4821120">
    <ele>1078</ele>
    
   </trkpt>
   <trkpt lat="49.6231210" lon="19.4820840">
    <ele>1078</ele>
    
   </trkpt>
   <trkpt lat="49.6230980" lon="19.4820500">
    <ele>1079</ele>
    
   </trkpt>
   <trkpt lat="49.6230760" lon="19.4820060">
    <ele>1079</ele>
    
   </trkpt>
   <trkpt lat="49.6230450" lon="19.4819840">
    <ele>1080</ele>
    
   </trkpt>
   <trkpt lat="49.6230120" lon="19.4819630">
    <ele>1080</ele>
    
   </trkpt>
   <trkpt lat="49.6229810" lon="19.4819390">
    <ele>1080</ele>
    
   </trkpt>
   <trkpt lat="49.6229600" lon="19.4819110">
    <ele>1080</ele>
    
   </trkpt>
   <trkpt lat="49.6229310" lon="19.4818880">
    <ele>1080</ele>
    
   </trkpt>
   <trkpt lat="49.6229010" lon="19.4818630">
    <ele>1081</ele>
    
   </trkpt>
   <trkpt lat="49.6228620" lon="19.4818480">
    <ele>1081</ele>
    
   </trkpt>
   <trkpt lat="49.6228310" lon="19.4818220">
    <ele>1081</ele>
    
   </trkpt>
   <trkpt lat="49.6227930" lon="19.4817920">
    <ele>1081</ele>
    
   </trkpt>
   <trkpt lat="49.6227680" lon="19.4817690">
    <ele>1081</ele>
    
   </trkpt>
   <trkpt lat="49.6227360" lon="19.4817620">
    <ele>1081</ele>
    
   </trkpt>
   <trkpt lat="49.6227030" lon="19.4817320">
    <ele>1082</ele>
    
   </trkpt>
   <trkpt lat="49.6226740" lon="19.4817070">
    <ele>1082</ele>
    
   </trkpt>
   <trkpt lat="49.6226430" lon="19.4816870">
    <ele>1082</ele>
    
   </trkpt>
   <trkpt lat="49.6226140" lon="19.4816670">
    <ele>1082</ele>
    
   </trkpt>
   <trkpt lat="49.6225890" lon="19.4816470">
    <ele>1082</ele>
    
   </trkpt>
   <trkpt lat="49.6225590" lon="19.4816160">
    <ele>1082</ele>
    
   </trkpt>
   <trkpt lat="49.6225350" lon="19.4815930">
    <ele>1083</ele>
    
   </trkpt>
   <trkpt lat="49.6225130" lon="19.4815630">
    <ele>1083</ele>
    
   </trkpt>
   <trkpt lat="49.6224830" lon="19.4815330">
    <ele>1083</ele>
    
   </trkpt>
   <trkpt lat="49.6224530" lon="19.4815020">
    <ele>1083</ele>
    
   </trkpt>
   <trkpt lat="49.6224270" lon="19.4814860">
    <ele>1084</ele>
    
   </trkpt>
   <trkpt lat="49.6224000" lon="19.4814730">
    <ele>1084</ele>
    
   </trkpt>
   <trkpt lat="49.6223620" lon="19.4814490">
    <ele>1084</ele>
    
   </trkpt>
   <trkpt lat="49.6223410" lon="19.4814230">
    <ele>1084</ele>
    
   </trkpt>
   <trkpt lat="49.6223160" lon="19.4813970">
    <ele>1085</ele>
    
   </trkpt>
   <trkpt lat="49.6222870" lon="19.4813740">
    <ele>1085</ele>
    
   </trkpt>
   <trkpt lat="49.6222580" lon="19.4813520">
    <ele>1085</ele>
    
   </trkpt>
   <trkpt lat="49.6222280" lon="19.4813380">
    <ele>1085</ele>
    
   </trkpt>
   <trkpt lat="49.6221960" lon="19.4813000">
    <ele>1086</ele>
    
   </trkpt>
   <trkpt lat="49.6221650" lon="19.4812650">
    <ele>1086</ele>
    
   </trkpt>
   <trkpt lat="49.6221380" lon="19.4812410">
    <ele>1086</ele>
    
   </trkpt>
   <trkpt lat="49.6221070" lon="19.4812250">
    <ele>1087</ele>
    
   </trkpt>
   <trkpt lat="49.6220600" lon="19.4812410">
    <ele>1086</ele>
    
   </trkpt>
   <trkpt lat="49.6220060" lon="19.4812510">
    <ele>1086</ele>
    
   </trkpt>
   <trkpt lat="49.6219520" lon="19.4812320">
    <ele>1086</ele>
    
   </trkpt>
   <trkpt lat="49.6219260" lon="19.4812190">
    <ele>1087</ele>
    
   </trkpt>
   <trkpt lat="49.6218980" lon="19.4812110">
    <ele>1087</ele>
    
   </trkpt>
   <trkpt lat="49.6218710" lon="19.4812110">
    <ele>1087</ele>
    
   </trkpt>
   <trkpt lat="49.6218420" lon="19.4812100">
    <ele>1087</ele>
    
   </trkpt>
   <trkpt lat="49.6217810" lon="19.4811750">
    <ele>1087</ele>
    
   </trkpt>
   <trkpt lat="49.6217470" lon="19.4811460">
    <ele>1087</ele>
    
   </trkpt>
   <trkpt lat="49.6217080" lon="19.4811010">
    <ele>1088</ele>
    
   </trkpt>
   <trkpt lat="49.6216830" lon="19.4810830">
    <ele>1088</ele>
    
   </trkpt>
   <trkpt lat="49.6216420" lon="19.4810430">
    <ele>1088</ele>
    
   </trkpt>
   <trkpt lat="49.6215990" lon="19.4810150">
    <ele>1088</ele>
    
   </trkpt>
   <trkpt lat="49.6215620" lon="19.4809620">
    <ele>1089</ele>
    
   </trkpt>
   <trkpt lat="49.6215300" lon="19.4809280">
    <ele>1089</ele>
    
   </trkpt>
   <trkpt lat="49.6214960" lon="19.4808910">
    <ele>1089</ele>
    
   </trkpt>
   <trkpt lat="49.6214670" lon="19.4808500">
    <ele>1089</ele>
    
   </trkpt>
   <trkpt lat="49.6214460" lon="19.4808220">
    <ele>1090</ele>
    
   </trkpt>
   <trkpt lat="49.6214250" lon="19.4807810">
    <ele>1090</ele>
    
   </trkpt>
   <trkpt lat="49.6213960" lon="19.4807470">
    <ele>1090</ele>
    
   </trkpt>
   <trkpt lat="49.6213690" lon="19.4807260">
    <ele>1090</ele>
    
   </trkpt>
   <trkpt lat="49.6213400" lon="19.4807060">
    <ele>1090</ele>
    
   </trkpt>
   <trkpt lat="49.6213130" lon="19.4806810">
    <ele>1091</ele>
    
   </trkpt>
   <trkpt lat="49.6212850" lon="19.4806410">
    <ele>1091</ele>
    
   </trkpt>
   <trkpt lat="49.6212650" lon="19.4806110">
    <ele>1091</ele>
    
   </trkpt>
   <trkpt lat="49.6212450" lon="19.4805750">
    <ele>1091</ele>
    
   </trkpt>
   <trkpt lat="49.6212210" lon="19.4805550">
    <ele>1091</ele>
    
   </trkpt>
   <trkpt lat="49.6211890" lon="19.4805230">
    <ele>1092</ele>
    
   </trkpt>
   <trkpt lat="49.6211680" lon="19.4804960">
    <ele>1092</ele>
    
   </trkpt>
   <trkpt lat="49.6211460" lon="19.4804700">
    <ele>1092</ele>
    
   </trkpt>
   <trkpt lat="49.6211110" lon="19.4804490">
    <ele>1092</ele>
    
   </trkpt>
   <trkpt lat="49.6210690" lon="19.4804060">
    <ele>1092</ele>
    
   </trkpt>
   <trkpt lat="49.6210380" lon="19.4803730">
    <ele>1092</ele>
    
   </trkpt>
   <trkpt lat="49.6209840" lon="19.4803170">
    <ele>1093</ele>
    
   </trkpt>
   <trkpt lat="49.6209620" lon="19.4802750">
    <ele>1093</ele>
    
   </trkpt>
   <trkpt lat="49.6209420" lon="19.4802350">
    <ele>1093</ele>
    
   </trkpt>
   <trkpt lat="49.6209260" lon="19.4801920">
    <ele>1093</ele>
    
   </trkpt>
   <trkpt lat="49.6209300" lon="19.4801460">
    <ele>1094</ele>
    
   </trkpt>
   <trkpt lat="49.6209060" lon="19.4801100">
    <ele>1094</ele>
    
   </trkpt>
   <trkpt lat="49.6208890" lon="19.4800690">
    <ele>1094</ele>
    
   </trkpt>
   <trkpt lat="49.6208660" lon="19.4800480">
    <ele>1094</ele>
    
   </trkpt>
   <trkpt lat="49.6208800" lon="19.4800030">
    <ele>1095</ele>
    
   </trkpt>
   <trkpt lat="49.6208770" lon="19.4799610">
    <ele>1095</ele>
    
   </trkpt>
   <trkpt lat="49.6208650" lon="19.4799240">
    <ele>1095</ele>
    
   </trkpt>
   <trkpt lat="49.6208640" lon="19.4798760">
    <ele>1096</ele>
    
   </trkpt>
   <trkpt lat="49.6208660" lon="19.4798270">
    <ele>1096</ele>
    
   </trkpt>
   <trkpt lat="49.6208630" lon="19.4797800">
    <ele>1096</ele>
    
   </trkpt>
   <trkpt lat="49.6208660" lon="19.4797310">
    <ele>1096</ele>
    
   </trkpt>
   <trkpt lat="49.6208480" lon="19.4796830">
    <ele>1097</ele>
    
   </trkpt>
   <trkpt lat="49.6208330" lon="19.4796360">
    <ele>1097</ele>
    
   </trkpt>
   <trkpt lat="49.6208170" lon="19.4795910">
    <ele>1097</ele>
    
   </trkpt>
   <trkpt lat="49.6207900" lon="19.4795630">
    <ele>1096</ele>
    
   </trkpt>
   <trkpt lat="49.6207720" lon="19.4795100">
    <ele>1096</ele>
    
   </trkpt>
   <trkpt lat="49.6207660" lon="19.4794630">
    <ele>1097</ele>
    
   </trkpt>
   <trkpt lat="49.6207680" lon="19.4794030">
    <ele>1097</ele>
    
   </trkpt>
   <trkpt lat="49.6207690" lon="19.4793500">
    <ele>1097</ele>
    
   </trkpt>
   <trkpt lat="49.6207790" lon="19.4792950">
    <ele>1098</ele>
    
   </trkpt>
   <trkpt lat="49.6207860" lon="19.4792340">
    <ele>1098</ele>
    
   </trkpt>
   <trkpt lat="49.6207790" lon="19.4791860">
    <ele>1098</ele>
    
   </trkpt>
   <trkpt lat="49.6207680" lon="19.4791420">
    <ele>1099</ele>
    
   </trkpt>
   <trkpt lat="49.6207520" lon="19.4790960">
    <ele>1099</ele>
    
   </trkpt>
   <trkpt lat="49.6207420" lon="19.4790570">
    <ele>1099</ele>
    
   </trkpt>
   <trkpt lat="49.6207410" lon="19.4790010">
    <ele>1099</ele>
    
   </trkpt>
   <trkpt lat="49.6207370" lon="19.4789420">
    <ele>1099</ele>
    
   </trkpt>
   <trkpt lat="49.6207320" lon="19.4788830">
    <ele>1099</ele>
    
   </trkpt>
   <trkpt lat="49.6207300" lon="19.4788160">
    <ele>1100</ele>
    
   </trkpt>
   <trkpt lat="49.6207270" lon="19.4787610">
    <ele>1100</ele>
    
   </trkpt>
   <trkpt lat="49.6207190" lon="19.4787040">
    <ele>1100</ele>
    
   </trkpt>
   <trkpt lat="49.6207140" lon="19.4786530">
    <ele>1100</ele>
    
   </trkpt>
   <trkpt lat="49.6207060" lon="19.4786030">
    <ele>1101</ele>
    
   </trkpt>
   <trkpt lat="49.6206970" lon="19.4785510">
    <ele>1101</ele>
    
   </trkpt>
   <trkpt lat="49.6206850" lon="19.4784990">
    <ele>1101</ele>
    
   </trkpt>
   <trkpt lat="49.6206720" lon="19.4784610">
    <ele>1101</ele>
    
   </trkpt>
   <trkpt lat="49.6206690" lon="19.4784120">
    <ele>1101</ele>
    
   </trkpt>
   <trkpt lat="49.6206830" lon="19.4783550">
    <ele>1101</ele>
    
   </trkpt>
   <trkpt lat="49.6206870" lon="19.4783090">
    <ele>1102</ele>
    
   </trkpt>
   <trkpt lat="49.6206930" lon="19.4782480">
    <ele>1102</ele>
    
   </trkpt>
   <trkpt lat="49.6207020" lon="19.4781990">
    <ele>1103</ele>
    
   </trkpt>
   <trkpt lat="49.6207050" lon="19.4781490">
    <ele>1103</ele>
    
   </trkpt>
   <trkpt lat="49.6206980" lon="19.4781050">
    <ele>1103</ele>
    
   </trkpt>
   <trkpt lat="49.6206890" lon="19.4780510">
    <ele>1103</ele>
    
   </trkpt>
   <trkpt lat="49.6206860" lon="19.4780020">
    <ele>1104</ele>
    
   </trkpt>
   <trkpt lat="49.6206810" lon="19.4779380">
    <ele>1104</ele>
    
   </trkpt>
   <trkpt lat="49.6206680" lon="19.4778770">
    <ele>1104</ele>
    
   </trkpt>
   <trkpt lat="49.6206470" lon="19.4778050">
    <ele>1104</ele>
    
   </trkpt>
   <trkpt lat="49.6206360" lon="19.4777650">
    <ele>1104</ele>
    
   </trkpt>
   <trkpt lat="49.6206190" lon="19.4776980">
    <ele>1104</ele>
    
   </trkpt>
   <trkpt lat="49.6205930" lon="19.4776310">
    <ele>1104</ele>
    
   </trkpt>
   <trkpt lat="49.6205850" lon="19.4775730">
    <ele>1104</ele>
    
   </trkpt>
   <trkpt lat="49.6205600" lon="19.4775270">
    <ele>1104</ele>
    
   </trkpt>
   <trkpt lat="49.6205200" lon="19.4774840">
    <ele>1104</ele>
    
   </trkpt>
   <trkpt lat="49.6204940" lon="19.4774140">
    <ele>1104</ele>
    
   </trkpt>
   <trkpt lat="49.6204700" lon="19.4773660">
    <ele>1104</ele>
    
   </trkpt>
   <trkpt lat="49.6204290" lon="19.4773130">
    <ele>1104</ele>
    
   </trkpt>
   <trkpt lat="49.6204120" lon="19.4772800">
    <ele>1104</ele>
    
   </trkpt>
   <trkpt lat="49.6203670" lon="19.4772340">
    <ele>1103</ele>
    
   </trkpt>
   <trkpt lat="49.6203410" lon="19.4772090">
    <ele>1103</ele>
    
   </trkpt>
   <trkpt lat="49.6203190" lon="19.4771840">
    <ele>1103</ele>
    
   </trkpt>
   <trkpt lat="49.6202810" lon="19.4771270">
    <ele>1103</ele>
    
   </trkpt>
   <trkpt lat="49.6202640" lon="19.4770880">
    <ele>1103</ele>
    
   </trkpt>
   <trkpt lat="49.6202440" lon="19.4770530">
    <ele>1103</ele>
    
   </trkpt>
   <trkpt lat="49.6202070" lon="19.4769880">
    <ele>1103</ele>
    
   </trkpt>
   <trkpt lat="49.6201950" lon="19.4769480">
    <ele>1103</ele>
    
   </trkpt>
   <trkpt lat="49.6201770" lon="19.4769030">
    <ele>1103</ele>
    
   </trkpt>
   <trkpt lat="49.6201570" lon="19.4768470">
    <ele>1104</ele>
    
   </trkpt>
   <trkpt lat="49.6201460" lon="19.4767860">
    <ele>1104</ele>
    
   </trkpt>
   <trkpt lat="49.6201300" lon="19.4767220">
    <ele>1104</ele>
    
   </trkpt>
   <trkpt lat="49.6201150" lon="19.4766510">
    <ele>1105</ele>
    
   </trkpt>
   <trkpt lat="49.6201110" lon="19.4765960">
    <ele>1105</ele>
    
   </trkpt>
   <trkpt lat="49.6200940" lon="19.4765290">
    <ele>1106</ele>
    
   </trkpt>
   <trkpt lat="49.6200730" lon="19.4764630">
    <ele>1106</ele>
    
   </trkpt>
   <trkpt lat="49.6200640" lon="19.4764130">
    <ele>1106</ele>
    
   </trkpt>
   <trkpt lat="49.6200390" lon="19.4763750">
    <ele>1106</ele>
    
   </trkpt>
   <trkpt lat="49.6200270" lon="19.4763360">
    <ele>1106</ele>
    
   </trkpt>
   <trkpt lat="49.6200050" lon="19.4762680">
    <ele>1106</ele>
    
   </trkpt>
   <trkpt lat="49.6200010" lon="19.4762030">
    <ele>1107</ele>
    
   </trkpt>
   <trkpt lat="49.6200030" lon="19.4761320">
    <ele>1108</ele>
    
   </trkpt>
   <trkpt lat="49.6199980" lon="19.4760620">
    <ele>1108</ele>
    
   </trkpt>
   <trkpt lat="49.6199940" lon="19.4759840">
    <ele>1109</ele>
    
   </trkpt>
   <trkpt lat="49.6199940" lon="19.4759400">
    <ele>1109</ele>
    
   </trkpt>
   <trkpt lat="49.6199970" lon="19.4758790">
    <ele>1110</ele>
    
   </trkpt>
   <trkpt lat="49.6199820" lon="19.4758130">
    <ele>1110</ele>
    
   </trkpt>
   <trkpt lat="49.6199560" lon="19.4757440">
    <ele>1109</ele>
    
   </trkpt>
   <trkpt lat="49.6199400" lon="19.4757070">
    <ele>1109</ele>
    
   </trkpt>
   <trkpt lat="49.6199210" lon="19.4756700">
    <ele>1109</ele>
    
   </trkpt>
   <trkpt lat="49.6199050" lon="19.4756290">
    <ele>1108</ele>
    
   </trkpt>
   <trkpt lat="49.6198860" lon="19.4755700">
    <ele>1108</ele>
    
   </trkpt>
   <trkpt lat="49.6198750" lon="19.4755000">
    <ele>1108</ele>
    
   </trkpt>
   <trkpt lat="49.6198550" lon="19.4754280">
    <ele>1108</ele>
    
   </trkpt>
   <trkpt lat="49.6198360" lon="19.4753960">
    <ele>1107</ele>
    
   </trkpt>
   <trkpt lat="49.6198110" lon="19.4753480">
    <ele>1107</ele>
    
   </trkpt>
   <trkpt lat="49.6197960" lon="19.4753070">
    <ele>1107</ele>
    
   </trkpt>
   <trkpt lat="49.6197750" lon="19.4752760">
    <ele>1107</ele>
    
   </trkpt>
   <trkpt lat="49.6197490" lon="19.4752420">
    <ele>1106</ele>
    
   </trkpt>
   <trkpt lat="49.6197260" lon="19.4751930">
    <ele>1106</ele>
    
   </trkpt>
   <trkpt lat="49.6196980" lon="19.4751550">
    <ele>1106</ele>
    
   </trkpt>
   <trkpt lat="49.6196810" lon="19.4751000">
    <ele>1106</ele>
    
   </trkpt>
   <trkpt lat="49.6196610" lon="19.4750690">
    <ele>1106</ele>
    
   </trkpt>
   <trkpt lat="49.6196250" lon="19.4750150">
    <ele>1106</ele>
    
   </trkpt>
   <trkpt lat="49.6195960" lon="19.4749820">
    <ele>1106</ele>
    
   </trkpt>
   <trkpt lat="49.6195600" lon="19.4749550">
    <ele>1105</ele>
    
   </trkpt>
   <trkpt lat="49.6195430" lon="19.4749210">
    <ele>1105</ele>
    
   </trkpt>
   <trkpt lat="49.6195280" lon="19.4748770">
    <ele>1104</ele>
    
   </trkpt>
   <trkpt lat="49.6195080" lon="19.4748310">
    <ele>1104</ele>
    
   </trkpt>
   <trkpt lat="49.6194870" lon="19.4747890">
    <ele>1104</ele>
    
   </trkpt>
   <trkpt lat="49.6194650" lon="19.4747550">
    <ele>1104</ele>
    
   </trkpt>
   <trkpt lat="49.6194410" lon="19.4747180">
    <ele>1103</ele>
    
   </trkpt>
   <trkpt lat="49.6194230" lon="19.4746670">
    <ele>1103</ele>
    
   </trkpt>
   <trkpt lat="49.6194090" lon="19.4746230">
    <ele>1103</ele>
    
   </trkpt>
   <trkpt lat="49.6193810" lon="19.4745870">
    <ele>1103</ele>
    
   </trkpt>
   <trkpt lat="49.6193540" lon="19.4745470">
    <ele>1102</ele>
    
   </trkpt>
   <trkpt lat="49.6193410" lon="19.4745070">
    <ele>1102</ele>
    
   </trkpt>
   <trkpt lat="49.6193170" lon="19.4744540">
    <ele>1102</ele>
    
   </trkpt>
   <trkpt lat="49.6192880" lon="19.4744270">
    <ele>1102</ele>
    
   </trkpt>
   <trkpt lat="49.6192580" lon="19.4743800">
    <ele>1102</ele>
    
   </trkpt>
   <trkpt lat="49.6192400" lon="19.4743210">
    <ele>1102</ele>
    
   </trkpt>
   <trkpt lat="49.6192210" lon="19.4742910">
    <ele>1102</ele>
    
   </trkpt>
   <trkpt lat="49.6191940" lon="19.4742490">
    <ele>1102</ele>
    
   </trkpt>
   <trkpt lat="49.6191750" lon="19.4742100">
    <ele>1102</ele>
    
   </trkpt>
   <trkpt lat="49.6191540" lon="19.4741550">
    <ele>1101</ele>
    
   </trkpt>
   <trkpt lat="49.6191190" lon="19.4741260">
    <ele>1101</ele>
    
   </trkpt>
   <trkpt lat="49.6190880" lon="19.4740820">
    <ele>1100</ele>
    
   </trkpt>
   <trkpt lat="49.6190590" lon="19.4740350">
    <ele>1100</ele>
    
   </trkpt>
   <trkpt lat="49.6190230" lon="19.4740040">
    <ele>1099</ele>
    
   </trkpt>
   <trkpt lat="49.6189850" lon="19.4739560">
    <ele>1099</ele>
    
   </trkpt>
   <trkpt lat="49.6189480" lon="19.4739210">
    <ele>1099</ele>
    
   </trkpt>
   <trkpt lat="49.6189070" lon="19.4738790">
    <ele>1099</ele>
    
   </trkpt>
   <trkpt lat="49.6188650" lon="19.4738840">
    <ele>1099</ele>
    
   </trkpt>
   <trkpt lat="49.6188330" lon="19.4738860">
    <ele>1099</ele>
    
   </trkpt>
   <trkpt lat="49.6187970" lon="19.4738720">
    <ele>1099</ele>
    
   </trkpt>
   <trkpt lat="49.6187510" lon="19.4738650">
    <ele>1099</ele>
    
   </trkpt>
   <trkpt lat="49.6187130" lon="19.4738320">
    <ele>1099</ele>
    
   </trkpt>
   <trkpt lat="49.6186820" lon="19.4738010">
    <ele>1099</ele>
    
   </trkpt>
   <trkpt lat="49.6186610" lon="19.4737650">
    <ele>1099</ele>
    
   </trkpt>
   <trkpt lat="49.6186340" lon="19.4737330">
    <ele>1099</ele>
    
   </trkpt>
   <trkpt lat="49.6186090" lon="19.4736940">
    <ele>1099</ele>
    
   </trkpt>
   <trkpt lat="49.6185920" lon="19.4736400">
    <ele>1099</ele>
    
   </trkpt>
   <trkpt lat="49.6185590" lon="19.4735710">
    <ele>1099</ele>
    
   </trkpt>
   <trkpt lat="49.6185360" lon="19.4735370">
    <ele>1100</ele>
    
   </trkpt>
   <trkpt lat="49.6185000" lon="19.4734800">
    <ele>1100</ele>
    
   </trkpt>
   <trkpt lat="49.6184470" lon="19.4734410">
    <ele>1101</ele>
    
   </trkpt>
   <trkpt lat="49.6184200" lon="19.4734250">
    <ele>1101</ele>
    
   </trkpt>
   <trkpt lat="49.6183910" lon="19.4734020">
    <ele>1102</ele>
    
   </trkpt>
   <trkpt lat="49.6183620" lon="19.4733770">
    <ele>1102</ele>
    
   </trkpt>
   <trkpt lat="49.6183090" lon="19.4733480">
    <ele>1103</ele>
    
   </trkpt>
   <trkpt lat="49.6182700" lon="19.4733470">
    <ele>1103</ele>
    
   </trkpt>
   <trkpt lat="49.6182290" lon="19.4733470">
    <ele>1103</ele>
    
   </trkpt>
   <trkpt lat="49.6181720" lon="19.4733500">
    <ele>1103</ele>
    
   </trkpt>
   <trkpt lat="49.6181370" lon="19.4733390">
    <ele>1103</ele>
    
   </trkpt>
   <trkpt lat="49.6180990" lon="19.4733390">
    <ele>1104</ele>
    
   </trkpt>
   <trkpt lat="49.6180540" lon="19.4733440">
    <ele>1104</ele>
    
   </trkpt>
   <trkpt lat="49.6180260" lon="19.4733410">
    <ele>1104</ele>
    
   </trkpt>
   <trkpt lat="49.6179970" lon="19.4733460">
    <ele>1104</ele>
    
   </trkpt>
   <trkpt lat="49.6179700" lon="19.4733480">
    <ele>1104</ele>
    
   </trkpt>
   <trkpt lat="49.6179040" lon="19.4733660">
    <ele>1104</ele>
    
   </trkpt>
   <trkpt lat="49.6178620" lon="19.4733760">
    <ele>1104</ele>
    
   </trkpt>
   <trkpt lat="49.6178280" lon="19.4733820">
    <ele>1105</ele>
    
   </trkpt>
   <trkpt lat="49.6177870" lon="19.4733990">
    <ele>1105</ele>
    
   </trkpt>
   <trkpt lat="49.6177570" lon="19.4734250">
    <ele>1104</ele>
    
   </trkpt>
   <trkpt lat="49.6177290" lon="19.4734330">
    <ele>1104</ele>
    
   </trkpt>
   <trkpt lat="49.6176970" lon="19.4734240">
    <ele>1105</ele>
    
   </trkpt>
   <trkpt lat="49.6176660" lon="19.4734330">
    <ele>1105</ele>
    
   </trkpt>
   <trkpt lat="49.6176340" lon="19.4734850">
    <ele>1104</ele>
    
   </trkpt>
   <trkpt lat="49.6176110" lon="19.4735270">
    <ele>1104</ele>
    
   </trkpt>
   <trkpt lat="49.6175980" lon="19.4735650">
    <ele>1103</ele>
    
   </trkpt>
   <trkpt lat="49.6175710" lon="19.4735420">
    <ele>1104</ele>
    
   </trkpt>
   <trkpt lat="49.6175340" lon="19.4735340">
    <ele>1104</ele>
    
   </trkpt>
   <trkpt lat="49.6174960" lon="19.4735260">
    <ele>1104</ele>
    
   </trkpt>
   <trkpt lat="49.6174620" lon="19.4735020">
    <ele>1104</ele>
    
   </trkpt>
   <trkpt lat="49.6174270" lon="19.4734960">
    <ele>1104</ele>
    
   </trkpt>
   <trkpt lat="49.6173990" lon="19.4734950">
    <ele>1104</ele>
    
   </trkpt>
   <trkpt lat="49.6173700" lon="19.4734850">
    <ele>1105</ele>
    
   </trkpt>
   <trkpt lat="49.6173420" lon="19.4734850">
    <ele>1105</ele>
    
   </trkpt>
   <trkpt lat="49.6173200" lon="19.4734380">
    <ele>1105</ele>
    
   </trkpt>
   <trkpt lat="49.6172910" lon="19.4734110">
    <ele>1106</ele>
    
   </trkpt>
   <trkpt lat="49.6172580" lon="19.4734160">
    <ele>1106</ele>
    
   </trkpt>
   <trkpt lat="49.6172240" lon="19.4734230">
    <ele>1105</ele>
    
   </trkpt>
   <trkpt lat="49.6171710" lon="19.4734400">
    <ele>1105</ele>
    
   </trkpt>
   <trkpt lat="49.6171350" lon="19.4734380">
    <ele>1105</ele>
    
   </trkpt>
   <trkpt lat="49.6171050" lon="19.4734040">
    <ele>1106</ele>
    
   </trkpt>
   <trkpt lat="49.6170770" lon="19.4734020">
    <ele>1106</ele>
    
   </trkpt>
   <trkpt lat="49.6170500" lon="19.4733950">
    <ele>1106</ele>
    
   </trkpt>
   <trkpt lat="49.6170220" lon="19.4733910">
    <ele>1106</ele>
    
   </trkpt>
   <trkpt lat="49.6169870" lon="19.4733980">
    <ele>1106</ele>
    
   </trkpt>
   <trkpt lat="49.6169370" lon="19.4733920">
    <ele>1106</ele>
    
   </trkpt>
   <trkpt lat="49.6168940" lon="19.4733680">
    <ele>1107</ele>
    
   </trkpt>
   <trkpt lat="49.6168620" lon="19.4733370">
    <ele>1107</ele>
    
   </trkpt>
   <trkpt lat="49.6168310" lon="19.4733070">
    <ele>1108</ele>
    
   </trkpt>
   <trkpt lat="49.6167910" lon="19.4732910">
    <ele>1108</ele>
    
   </trkpt>
   <trkpt lat="49.6167620" lon="19.4732840">
    <ele>1108</ele>
    
   </trkpt>
   <trkpt lat="49.6167330" lon="19.4732680">
    <ele>1108</ele>
    
   </trkpt>
   <trkpt lat="49.6167050" lon="19.4732510">
    <ele>1108</ele>
    
   </trkpt>
   <trkpt lat="49.6166690" lon="19.4732440">
    <ele>1109</ele>
    
   </trkpt>
   <trkpt lat="49.6166020" lon="19.4732260">
    <ele>1108</ele>
    
   </trkpt>
   <trkpt lat="49.6165640" lon="19.4732170">
    <ele>1108</ele>
    
   </trkpt>
   <trkpt lat="49.6165340" lon="19.4732070">
    <ele>1108</ele>
    
   </trkpt>
   <trkpt lat="49.6165010" lon="19.4731730">
    <ele>1108</ele>
    
   </trkpt>
   <trkpt lat="49.6164670" lon="19.4731400">
    <ele>1108</ele>
    
   </trkpt>
   <trkpt lat="49.6164330" lon="19.4731060">
    <ele>1108</ele>
    
   </trkpt>
   <trkpt lat="49.6163970" lon="19.4730890">
    <ele>1108</ele>
    
   </trkpt>
   <trkpt lat="49.6163510" lon="19.4730450">
    <ele>1108</ele>
    
   </trkpt>
   <trkpt lat="49.6163280" lon="19.4730100">
    <ele>1108</ele>
    
   </trkpt>
   <trkpt lat="49.6163150" lon="19.4729660">
    <ele>1108</ele>
    
   </trkpt>
   <trkpt lat="49.6162710" lon="19.4729400">
    <ele>1108</ele>
    
   </trkpt>
   <trkpt lat="49.6162580" lon="19.4728990">
    <ele>1109</ele>
    
   </trkpt>
   <trkpt lat="49.6162210" lon="19.4728240">
    <ele>1109</ele>
    
   </trkpt>
   <trkpt lat="49.6162110" lon="19.4727850">
    <ele>1109</ele>
    
   </trkpt>
   <trkpt lat="49.6161980" lon="19.4727330">
    <ele>1110</ele>
    
   </trkpt>
   <trkpt lat="49.6161730" lon="19.4726940">
    <ele>1110</ele>
    
   </trkpt>
   <trkpt lat="49.6161500" lon="19.4726400">
    <ele>1110</ele>
    
   </trkpt>
   <trkpt lat="49.6161160" lon="19.4726000">
    <ele>1110</ele>
    
   </trkpt>
   <trkpt lat="49.6161120" lon="19.4725400">
    <ele>1111</ele>
    
   </trkpt>
   <trkpt lat="49.6161040" lon="19.4724640">
    <ele>1112</ele>
    
   </trkpt>
   <trkpt lat="49.6160830" lon="19.4724070">
    <ele>1112</ele>
    
   </trkpt>
   <trkpt lat="49.6160570" lon="19.4723640">
    <ele>1112</ele>
    
   </trkpt>
   <trkpt lat="49.6160390" lon="19.4723270">
    <ele>1112</ele>
    
   </trkpt>
   <trkpt lat="49.6160170" lon="19.4722800">
    <ele>1112</ele>
    
   </trkpt>
   <trkpt lat="49.6159790" lon="19.4722500">
    <ele>1112</ele>
    
   </trkpt>
   <trkpt lat="49.6159520" lon="19.4722310">
    <ele>1112</ele>
    
   </trkpt>
   <trkpt lat="49.6159390" lon="19.4721930">
    <ele>1112</ele>
    
   </trkpt>
   <trkpt lat="49.6159420" lon="19.4721410">
    <ele>1112</ele>
    
   </trkpt>
   <trkpt lat="49.6159230" lon="19.4720910">
    <ele>1112</ele>
    
   </trkpt>
   <trkpt lat="49.6159100" lon="19.4720540">
    <ele>1112</ele>
    
   </trkpt>
   <trkpt lat="49.6158870" lon="19.4720130">
    <ele>1112</ele>
    
   </trkpt>
   <trkpt lat="49.6158720" lon="19.4719670">
    <ele>1113</ele>
    
   </trkpt>
   <trkpt lat="49.6158320" lon="19.4719000">
    <ele>1113</ele>
    
   </trkpt>
   <trkpt lat="49.6157910" lon="19.4718320">
    <ele>1113</ele>
    
   </trkpt>
   <trkpt lat="49.6157650" lon="19.4717920">
    <ele>1113</ele>
    
   </trkpt>
   <trkpt lat="49.6157200" lon="19.4717300">
    <ele>1112</ele>
    
   </trkpt>
   <trkpt lat="49.6156930" lon="19.4716980">
    <ele>1112</ele>
    
   </trkpt>
   <trkpt lat="49.6156720" lon="19.4716560">
    <ele>1112</ele>
    
   </trkpt>
   <trkpt lat="49.6156510" lon="19.4716070">
    <ele>1112</ele>
    
   </trkpt>
   <trkpt lat="49.6156340" lon="19.4715700">
    <ele>1112</ele>
    
   </trkpt>
   <trkpt lat="49.6156030" lon="19.4715250">
    <ele>1112</ele>
    
   </trkpt>
   <trkpt lat="49.6155890" lon="19.4714790">
    <ele>1112</ele>
    
   </trkpt>
   <trkpt lat="49.6155620" lon="19.4714480">
    <ele>1112</ele>
    
   </trkpt>
   <trkpt lat="49.6155230" lon="19.4714010">
    <ele>1112</ele>
    
   </trkpt>
   <trkpt lat="49.6154930" lon="19.4713770">
    <ele>1111</ele>
    
   </trkpt>
   <trkpt lat="49.6154650" lon="19.4713610">
    <ele>1111</ele>
    
   </trkpt>
   <trkpt lat="49.6154320" lon="19.4713030">
    <ele>1111</ele>
    
   </trkpt>
   <trkpt lat="49.6154040" lon="19.4712610">
    <ele>1111</ele>
    
   </trkpt>
   <trkpt lat="49.6153660" lon="19.4712290">
    <ele>1111</ele>
    
   </trkpt>
   <trkpt lat="49.6153500" lon="19.4711790">
    <ele>1111</ele>
    
   </trkpt>
   <trkpt lat="49.6153400" lon="19.4711380">
    <ele>1111</ele>
    
   </trkpt>
   <trkpt lat="49.6153060" lon="19.4710920">
    <ele>1111</ele>
    
   </trkpt>
   <trkpt lat="49.6152830" lon="19.4710690">
    <ele>1111</ele>
    
   </trkpt>
   <trkpt lat="49.6152610" lon="19.4710330">
    <ele>1111</ele>
    
   </trkpt>
   <trkpt lat="49.6152430" lon="19.4710020">
    <ele>1112</ele>
    
   </trkpt>
   <trkpt lat="49.6152040" lon="19.4709860">
    <ele>1111</ele>
    
   </trkpt>
   <trkpt lat="49.6151550" lon="19.4709320">
    <ele>1111</ele>
    
   </trkpt>
   <trkpt lat="49.6151210" lon="19.4708840">
    <ele>1111</ele>
    
   </trkpt>
   <trkpt lat="49.6150870" lon="19.4708550">
    <ele>1111</ele>
    
   </trkpt>
   <trkpt lat="49.6150590" lon="19.4708610">
    <ele>1111</ele>
    
   </trkpt>
   <trkpt lat="49.6150080" lon="19.4708630">
    <ele>1110</ele>
    
   </trkpt>
   <trkpt lat="49.6149770" lon="19.4708350">
    <ele>1110</ele>
    
   </trkpt>
   <trkpt lat="49.6149480" lon="19.4707970">
    <ele>1111</ele>
    
   </trkpt>
   <trkpt lat="49.6149230" lon="19.4707790">
    <ele>1111</ele>
    
   </trkpt>
   <trkpt lat="49.6148970" lon="19.4707690">
    <ele>1111</ele>
    
   </trkpt>
   <trkpt lat="49.6148480" lon="19.4707600">
    <ele>1111</ele>
    
   </trkpt>
   <trkpt lat="49.6148200" lon="19.4707460">
    <ele>1111</ele>
    
   </trkpt>
   <trkpt lat="49.6147800" lon="19.4707320">
    <ele>1111</ele>
    
   </trkpt>
   <trkpt lat="49.6147440" lon="19.4707220">
    <ele>1111</ele>
    
   </trkpt>
   <trkpt lat="49.6147000" lon="19.4707090">
    <ele>1111</ele>
    
   </trkpt>
   <trkpt lat="49.6146700" lon="19.4706980">
    <ele>1111</ele>
    
   </trkpt>
   <trkpt lat="49.6146160" lon="19.4707000">
    <ele>1111</ele>
    
   </trkpt>
   <trkpt lat="49.6145870" lon="19.4706850">
    <ele>1111</ele>
    
   </trkpt>
   <trkpt lat="49.6145360" lon="19.4706520">
    <ele>1111</ele>
    
   </trkpt>
   <trkpt lat="49.6144840" lon="19.4706030">
    <ele>1112</ele>
    
   </trkpt>
   <trkpt lat="49.6144560" lon="19.4705920">
    <ele>1112</ele>
    
   </trkpt>
   <trkpt lat="49.6144190" lon="19.4705950">
    <ele>1112</ele>
    
   </trkpt>
   <trkpt lat="49.6143890" lon="19.4705970">
    <ele>1112</ele>
    
   </trkpt>
   <trkpt lat="49.6143610" lon="19.4706120">
    <ele>1111</ele>
    
   </trkpt>
   <trkpt lat="49.6143230" lon="19.4706340">
    <ele>1111</ele>
    
   </trkpt>
   <trkpt lat="49.6142860" lon="19.4706600">
    <ele>1110</ele>
    
   </trkpt>
   <trkpt lat="49.6142550" lon="19.4706860">
    <ele>1110</ele>
    
   </trkpt>
   <trkpt lat="49.6142210" lon="19.4706930">
    <ele>1109</ele>
    
   </trkpt>
   <trkpt lat="49.6141910" lon="19.4707050">
    <ele>1109</ele>
    
   </trkpt>
   <trkpt lat="49.6141570" lon="19.4707160">
    <ele>1109</ele>
    
   </trkpt>
   <trkpt lat="49.6141290" lon="19.4707060">
    <ele>1109</ele>
    
   </trkpt>
   <trkpt lat="49.6140910" lon="19.4707120">
    <ele>1108</ele>
    
   </trkpt>
   <trkpt lat="49.6140440" lon="19.4707450">
    <ele>1107</ele>
    
   </trkpt>
   <trkpt lat="49.6140150" lon="19.4707510">
    <ele>1107</ele>
    
   </trkpt>
   <trkpt lat="49.6139630" lon="19.4707790">
    <ele>1106</ele>
    
   </trkpt>
   <trkpt lat="49.6139330" lon="19.4707740">
    <ele>1106</ele>
    
   </trkpt>
   <trkpt lat="49.6138890" lon="19.4707440">
    <ele>1107</ele>
    
   </trkpt>
   <trkpt lat="49.6138420" lon="19.4707510">
    <ele>1106</ele>
    
   </trkpt>
   <trkpt lat="49.6138120" lon="19.4707620">
    <ele>1106</ele>
    
   </trkpt>
   <trkpt lat="49.6137680" lon="19.4707440">
    <ele>1106</ele>
    
   </trkpt>
   <trkpt lat="49.6137260" lon="19.4707270">
    <ele>1106</ele>
    
   </trkpt>
   <trkpt lat="49.6136770" lon="19.4707200">
    <ele>1106</ele>
    
   </trkpt>
   <trkpt lat="49.6136450" lon="19.4707180">
    <ele>1105</ele>
    
   </trkpt>
   <trkpt lat="49.6135950" lon="19.4706950">
    <ele>1106</ele>
    
   </trkpt>
   <trkpt lat="49.6135470" lon="19.4707010">
    <ele>1105</ele>
    
   </trkpt>
   <trkpt lat="49.6135150" lon="19.4706640">
    <ele>1106</ele>
    
   </trkpt>
   <trkpt lat="49.6134710" lon="19.4706430">
    <ele>1106</ele>
    
   </trkpt>
   <trkpt lat="49.6134380" lon="19.4706330">
    <ele>1106</ele>
    
   </trkpt>
   <trkpt lat="49.6133940" lon="19.4705960">
    <ele>1106</ele>
    
   </trkpt>
   <trkpt lat="49.6133620" lon="19.4706170">
    <ele>1106</ele>
    
   </trkpt>
   <trkpt lat="49.6133360" lon="19.4705970">
    <ele>1106</ele>
    
   </trkpt>
   <trkpt lat="49.6133130" lon="19.4705690">
    <ele>1106</ele>
    
   </trkpt>
   <trkpt lat="49.6132850" lon="19.4705630">
    <ele>1106</ele>
    
   </trkpt>
   <trkpt lat="49.6132300" lon="19.4705410">
    <ele>1106</ele>
    
   </trkpt>
   <trkpt lat="49.6131990" lon="19.4705200">
    <ele>1106</ele>
    
   </trkpt>
   <trkpt lat="49.6131600" lon="19.4704930">
    <ele>1106</ele>
    
   </trkpt>
   <trkpt lat="49.6131340" lon="19.4704840">
    <ele>1106</ele>
    
   </trkpt>
   <trkpt lat="49.6130990" lon="19.4704580">
    <ele>1106</ele>
    
   </trkpt>
   <trkpt lat="49.6130800" lon="19.4704160">
    <ele>1107</ele>
    
   </trkpt>
   <trkpt lat="49.6130560" lon="19.4703960">
    <ele>1107</ele>
    
   </trkpt>
   <trkpt lat="49.6130210" lon="19.4703740">
    <ele>1107</ele>
    
   </trkpt>
   <trkpt lat="49.6129750" lon="19.4703350">
    <ele>1107</ele>
    
   </trkpt>
   <trkpt lat="49.6129310" lon="19.4703110">
    <ele>1107</ele>
    
   </trkpt>
   <trkpt lat="49.6129050" lon="19.4702960">
    <ele>1107</ele>
    
   </trkpt>
   <trkpt lat="49.6128660" lon="19.4702650">
    <ele>1107</ele>
    
   </trkpt>
   <trkpt lat="49.6128310" lon="19.4702140">
    <ele>1107</ele>
    
   </trkpt>
   <trkpt lat="49.6127980" lon="19.4701880">
    <ele>1107</ele>
    
   </trkpt>
   <trkpt lat="49.6127620" lon="19.4701520">
    <ele>1108</ele>
    
   </trkpt>
   <trkpt lat="49.6127290" lon="19.4701200">
    <ele>1108</ele>
    
   </trkpt>
   <trkpt lat="49.6127060" lon="19.4700940">
    <ele>1108</ele>
    
   </trkpt>
   <trkpt lat="49.6126730" lon="19.4700590">
    <ele>1108</ele>
    
   </trkpt>
   <trkpt lat="49.6126330" lon="19.4700260">
    <ele>1108</ele>
    
   </trkpt>
   <trkpt lat="49.6126080" lon="19.4700010">
    <ele>1108</ele>
    
   </trkpt>
   <trkpt lat="49.6125800" lon="19.4699850">
    <ele>1108</ele>
    
   </trkpt>
   <trkpt lat="49.6125520" lon="19.4699520">
    <ele>1108</ele>
    
   </trkpt>
   <trkpt lat="49.6125190" lon="19.4699260">
    <ele>1107</ele>
    
   </trkpt>
   <trkpt lat="49.6124610" lon="19.4698980">
    <ele>1107</ele>
    
   </trkpt>
   <trkpt lat="49.6124320" lon="19.4698730">
    <ele>1106</ele>
    
   </trkpt>
   <trkpt lat="49.6123990" lon="19.4698500">
    <ele>1106</ele>
    
   </trkpt>
   <trkpt lat="49.6123840" lon="19.4698140">
    <ele>1106</ele>
    
   </trkpt>
   <trkpt lat="49.6123640" lon="19.4697830">
    <ele>1106</ele>
    
   </trkpt>
   <trkpt lat="49.6123230" lon="19.4697500">
    <ele>1106</ele>
    
   </trkpt>
   <trkpt lat="49.6122960" lon="19.4697360">
    <ele>1105</ele>
    
   </trkpt>
   <trkpt lat="49.6122690" lon="19.4697100">
    <ele>1105</ele>
    
   </trkpt>
   <trkpt lat="49.6122330" lon="19.4696840">
    <ele>1105</ele>
    
   </trkpt>
   <trkpt lat="49.6122020" lon="19.4696620">
    <ele>1105</ele>
    
   </trkpt>
   <trkpt lat="49.6121740" lon="19.4696300">
    <ele>1104</ele>
    
   </trkpt>
   <trkpt lat="49.6121400" lon="19.4695900">
    <ele>1104</ele>
    
   </trkpt>
   <trkpt lat="49.6120910" lon="19.4695570">
    <ele>1104</ele>
    
   </trkpt>
   <trkpt lat="49.6120650" lon="19.4695260">
    <ele>1103</ele>
    
   </trkpt>
   <trkpt lat="49.6120320" lon="19.4694880">
    <ele>1103</ele>
    
   </trkpt>
   <trkpt lat="49.6119990" lon="19.4694690">
    <ele>1103</ele>
    
   </trkpt>
   <trkpt lat="49.6119580" lon="19.4694450">
    <ele>1102</ele>
    
   </trkpt>
   <trkpt lat="49.6119370" lon="19.4694170">
    <ele>1102</ele>
    
   </trkpt>
   <trkpt lat="49.6119040" lon="19.4694240">
    <ele>1102</ele>
    
   </trkpt>
   <trkpt lat="49.6118840" lon="19.4693960">
    <ele>1101</ele>
    
   </trkpt>
   <trkpt lat="49.6118570" lon="19.4693720">
    <ele>1101</ele>
    
   </trkpt>
		</trkseg>
	</trk>
</gpx>
